-0.2373922028263034,-1.029949793426936,-0.19658071272119162,-1.0563104576700624,-0.902472004326895,-1.0853039507637212,-1.166637954722823,-0.884888358212808,-0.9958612105807704,2.076219455535348,-0.7157556532569971,-0.7683948018363611,2.532632522857157,-0.7533750503464335,-0.5623413500049418,1.253388403068641,-0.7224816802233459,-0.43257928263042295,-0.12164184882158001,-0.4111837261401834,0.3258899871415156,-1.118590878304174,-0.3552578138176798,-1.1467416254348313,-0.9143548696514682,-1.5090659892846823,-1.2189495594290722,-1.1284130874035974,-1.4283101320352922,-0.32208960348582893,-0.9304961445630543
-0.2373668465708084,-0.4961805928667334,-0.6373883906690603,-0.3953079990682061,-0.5193579095087125,-0.07986656290066889,0.8955275133219287,0.8483135249064853,-0.01983740136759364,0.993771969247211,1.528494923608917,-0.042558933646925395,0.0168730871648423,1.016528635485105,-0.21379862910356962,0.08638596529361135,2.960404625282865,2.9706613566632547,2.5987897918169973,1.641794723961102,2.5263286372801463,-0.5279035680839391,-0.7276011931258055,-0.2945841115077872,-0.5357537433391372,-0.6367398291238145,0.9492602625041983,1.0536450017810417,0.29267023886204085,0.5347806047379399,1.134963366531386
-0.17410136865617176,-0.6239444972561434,2.0905418466837187,-0.6460188504904946,-0.6158417242567379,-0.8691202558514763,-0.7816280983673602,-0.6191144098977948,-0.7779217575998363,-0.7493417414305821,-0.23144724360577917,-0.7359513536148646,0.9553361575579307,-0.6398770678098792,-0.5472317065680926,0.11986279942370409,0.03209013937385505,-0.07986559223462039,-0.4501212966104864,-0.37324089009870764,0.2444716144976325,-0.6714156258487144,2.0241470267610038,-0.6762141888723748,-0.6362782607781089,-0.48956823768563074,-0.4540808955804741,-0.4431418539877605,-0.6761688625968616,-0.7279754915918241,-0.09491346776624716
-0.24374484765248533,1.2669612877071281,-0.47352794493974765,1.194314257893838,1.1741869440947847,0.672012999743275,0.09955643202366325,0.7361780568977259,0.9781371441170441,0.5607929747319562,-0.0743352892844016,1.064314879612,0.721662621958045,0.9647659572571368,1.0170247578873333,0.3769648855428155,-0.26062134549373955,0.06933081055938471,0.7063156070249434,0.03328949605996263,0.35931437170058345,1.2337589381010574,-0.09559729930017087,1.1295695419045333,1.175106409348037,0.8260565948678251,-0.17723127935968835,0.2657092307053416,0.8029091057471223,-0.008011237689522601,0.05523924918900888
0.46475942732887904,-0.7176380271417109,0.19576119958842952,-0.7103459768422661,-0.6900383420308042,0.3935390876529254,-0.2000463083092847,-0.6004251652296683,-0.7225222803432918,0.16140717806702326,0.28313044164864115,-0.6824541783560143,-0.60971119176227,-0.698288163424926,-0.5170124196943943,-0.577459655506126,-0.4849535080766912,-0.4895045934221506,-1.1037007740011708,-0.7743508711085958,-0.4544408369874906,-0.6173386185750309,0.5429389345133261,-0.6184458712791469,-0.5887543676479096,1.0356646190373593,0.25109008090833174,0.016325618431382256,-0.5218677112858309,0.49451414758456724,0.3383516239061713
-0.2377964290722276,1.1420365811930377,-0.10888075585198238,1.1489553867483577,1.0500557204423544,1.3608695191246671,0.8451741115852984,1.1421857858949576,1.4837880332274849,1.031097744636457,0.06547993612086173,1.4815928466310337,0.7442761899193242,0.9562179920451788,1.1873145231080389,-1.0300664529449783,0.25522266472374283,-0.12600113823575906,-0.4406589256865263,0.8856482057059749,0.5975702411216309,0.8905779304026818,-0.22134484406651161,0.8212723029354936,0.7723016646013665,-0.1684665836386855,-0.17341266396353966,-0.049173968449910614,0.26654354989503354,0.1965423646496099,-0.21354557620036194
-0.23762348798940516,-1.2269901259741598,-0.43890954091242845,-1.2171282735494904,-1.0308349742402036,0.9285021293001764,-0.6301805592979581,-0.9154356063945046,-0.7760925295772145,0.4413504934863683,0.02944508421228888,-0.658294163722985,0.2712757267292337,-0.6394021808536593,-0.5784719152956321,0.9182852934264137,-0.7716668067789664,-0.8773780346010791,-0.7270646170456808,0.2568812084472316,-0.5397158693881894,-1.226744892851541,-0.36995557879036894,-1.2146867450911145,-0.9756589251019484,0.4335990176993363,-0.8416703582895739,-1.0203630281557166,-0.9110016904885498,0.14500129949329332,-0.561418473879142
-0.23725744273927812,1.8177656755192526,2.3444101428840614,1.9654150673669948,1.704565808791532,1.580717344459154,3.333794158953354,3.3874729729209174,2.6858521623789207,2.1695338940084636,1.0831041540189577,1.1098737643485694,0.7480451179128708,1.3812418178619825,0.9302464003108346,-0.15196909371264827,2.1728427817764073,1.4738605376101808,0.8127672799194963,0.4113627551875262,1.0513705391735901,1.9596387665055008,2.275642116293685,2.3028949562333048,1.6556454030809071,1.481639138547006,3.889594117538749,3.2325979253653827,2.3028884252647126,1.9135040976694169,2.3155534311414154
-0.237513258497699,-0.48482380136545217,-0.5358410721889227,-0.5462293339704388,-0.50553420505651,-0.8148911256023026,-1.2882607866097597,-1.0841157063750368,-1.118341092609744,-2.242372757000427,-0.8526880905095737,-0.8035993945873465,-0.9100947528479293,-0.8625990502770087,-0.5711212779479758,-0.685589829746325,-1.3401748915279545,-1.0766166223721256,-1.4260972690532459,-0.8502365431915476,-1.0230838922424008,-0.6194185034701726,-0.9431684127252469,-0.6938739336288535,-0.6000611675004477,-0.9533817379756632,-1.3200792238370789,-1.2277783866131438,-1.3419383720384803,-1.5816243832433226,-1.25257945345181
-0.23751760285918522,-0.19806481595810926,-1.4913090233429418,-0.278199640838058,-0.2668637159429736,-1.6466487314511107,-1.3308675111561388,-1.1062205716204419,-1.1707092777145152,-1.6824861261617345,-1.3398792883134785,-0.6213638556410689,-0.9641788695553221,-0.6432012765034185,-0.4138993124564371,-1.2178714924147982,-1.296148205074509,-1.0985682128081515,-1.4511049636379978,-0.7323427312055331,-0.9279529515742848,-0.28039726556207983,-1.3955329568846806,-0.36462445511822883,-0.3271079523102696,-1.8529123438266195,-1.2638819339237561,-1.2549000674032493,-1.4301543689035516,-1.0178939830961065,-1.2422636179358
-0.23775330954827562,-1.2269901259741598,0.05267179627550858,-1.1746558760223593,-1.0226535981358387,0.31292821836361434,-0.15279157744875513,-0.34857148190884596,-0.49465273238241086,0.4824088464145397,0.08277666503697598,-0.7735719478291532,0.045140047116441165,-0.6341784243352405,-0.5899062400586531,0.6970034198265013,-0.20363857692320372,-0.047124237008005714,-0.11995213972801574,-0.5575346651573049,-0.06920337905669639,-1.1560288064167241,0.21958810511416388,-1.0608374433143317,-0.9233649757839597,1.075802325793228,-0.17023048446674902,-0.038985143823931506,-0.2715125564196267,-0.44611029151821624,0.07472471627480588
-0.24374014061783772,-0.9646482422945705,-2.183677103889332,-0.9759015497303479,-0.8553585626224498,-0.021240476144806116,-0.9199062862133363,-0.8155448159269317,-0.8424673749694895,-1.6227648855389412,0.1952054029917236,-0.7994576777931129,-1.4918287886518375,-0.8250829807356372,-0.5958275868109318,0.27887776154164406,-0.9320583048396115,-0.7652016868644393,-1.095928112170775,-1.0385956221117314,-0.6905541176547518,-0.9813184752248236,-2.19901077539169,-1.0177356934002135,-0.8300838770005201,0.5272536667963629,-0.8353059992959926,-0.8138209975233731,-1.0623828000915032,-1.3029804997419845,-0.37859894445652104
-0.23770605400699396,0.5429658295004699,-0.2588938399703667,0.5221782581926362,0.42939960218020323,0.07182843658012712,0.17121319603348265,0.07586770907143463,0.26682876160612906,0.16887233314487166,-0.023886496612399215,1.0370485773832956,0.252431086761501,0.792856879105536,0.6823665741982009,-0.06894654507001852,-0.3583917799884484,-0.03298592452378584,-0.027018139581977373,-0.19707772276328392,-0.12748179315968636,0.7491457575330481,-0.03517315441244849,0.6386885012159655,0.6168331666289674,-0.016835247005406374,-0.21223525382438543,0.03767363193343332,0.09902536769481082,-0.17229838287528249,-0.11554513879826706
-0.23766316597654924,-0.6778892568872276,-0.4112148176905726,-0.707871856597967,-0.6542095570220345,0.3275847400525795,-0.953604331990927,-0.8384874748988388,-0.8803585268666542,-0.36488625492134696,-0.6984589243408829,-0.7542439361227297,1.371802700844823,-0.8796949807009249,-0.5347764599512305,0.2862426650502643,-0.9944394409589348,-0.5951698761989522,-0.9445301773874105,1.5157703042519142,-0.7471184607547126,-0.7795696403960812,0.16243013022037292,-0.8408389281276872,-0.6966989724901095,0.17047405118864548,-0.9988700254310315,-0.8947008577686437,-1.1080276625809218,0.48485019786775796,-1.022192460260921
-0.23770489653945764,-0.9788442316711718,-0.9697250693313276,-0.9969315718068882,-0.8618472402224632,-1.3410602542361745,-1.035525443277829,-0.8516343918377967,-1.0803976770547898,-1.5555784898382983,-0.8310671793644304,-0.5243786540427657,0.07717593506158699,-0.5021598505061103,-0.4680081707100186,-0.14359988518012515,-0.45256330278396567,-0.4232777612592256,-1.0506439084632506,-0.4735183853511798,-0.5877098574730046,-0.9085225038948651,-0.7782268280317353,-0.8941174801048606,-0.7820299776272331,-1.078254603438364,-0.8569448198741689,-0.8485115194642061,-1.2452696228605538,-0.9647422596536547,-0.9115837794503695
-0.23735883689545725,-0.4933413949914127,-1.4636143001210864,-0.5610740554362322,-0.5176652110043611,-1.6495800357889046,-1.2477843982906995,-1.04931504388956,-0.9859311156008238,-0.7568068965084315,-0.3626141045529834,-0.26517621133698055,0.5426385422645844,-0.3587439897277029,-0.32793769236301135,1.1429148504393354,-0.9192221864458275,-0.9353823218718657,-0.6648833224025134,1.1498929567091107,0.4668723271406604,-0.6506167768972977,-1.490251886708678,-0.7309893293882332,-0.6180813797654304,-1.6673869437106068,-1.2230863927749,-1.2405871947143745,-1.3579217582300611,-0.9969554253763527,-0.7631503684144486
-0.2376533197860405,-0.12140647332446325,0.719653047201865,-0.0744970740574486,-0.20282328919501544,1.7419390830377772,0.42298020471663245,0.6433762902697875,0.41917732406162633,0.0680927395939079,0.8827503774072925,0.7409158265955943,1.7223130042446515,0.9699897137755557,0.1845650782652512,2.2844748942754944,0.48735246932161,0.5615673215231471,1.4818920809709726,0.9059747250139085,0.24618568550066147,0.01494638954803761,1.3921431329353677,0.11787568975370451,-0.13595236730329718,1.8696369705203977,0.35164695300691584,0.5262520318553731,0.8013722416902397,0.29157120353156946,0.557849679607939
-0.2378135981740159,-0.21510000321003078,0.5557926014725523,-0.25799432550961654,-0.2758914412995141,-1.070647429074756,-0.862774541935237,-0.7409167285969643,-0.7554483847504833,-0.11853613735232284,-0.9766479810750642,-0.5726986833088242,-0.700165463607387,-0.6132833982615652,-0.4110407312656818,-1.237288056210252,-0.8598401434091639,-0.6569319781037024,-0.8362198244899367,-0.86785285992509,-1.0479379217863232,-0.0807283156284795,0.7781031740763532,-0.154503424286903,-0.16951942936551972,-0.9979791899266278,-0.33506738240050404,-0.31020195172498854,-0.060808494220998016,0.15305459092396784,-0.6955243355872721
-0.23735913783701668,1.0824134258113138,0.3203874540867796,1.0706082456788928,0.9767054519204639,0.2836151749856819,0.4655869292630112,0.3662599038113594,0.7421667291988381,1.1206796055706483,-0.27036488366703776,1.2092749674101757,0.16951467090347708,1.1822641832058476,1.0021192988212522,0.34181420970621845,0.09867000580890219,0.21629484822430253,0.7857319344224674,1.1878357927505865,0.11334518276590498,1.0840072256508573,0.09384056034782312,1.069706000357147,0.9578038496820701,-0.03913397298088871,-0.1543195869827958,-0.0875033563285929,0.5185892552238088,0.5669937704606379,-0.4210084904667845
-0.2374879099586542,-0.5387685609965364,-0.03502816059370066,-0.6002476259709649,-0.5540582288479147,-0.9599906903230645,-1.2169913564594528,-1.0418006786195477,-1.0631506699843563,-1.0330176343888524,-0.4606289017443015,-0.7608016543802663,0.6293238861161549,-0.790416232931585,-0.559891137555723,0.30298108211531105,-1.0150732013676342,-0.9135051436068095,-0.8968803809488963,-0.11035124038276736,-0.6468453070775092,-0.6173386185750309,0.4857809596195351,-0.6923773450901689,-0.599884498752752,-0.4271318049542803,-1.0592041486901822,-1.146219271392808,-1.1576683716182354,-0.5556350549753892,-0.6605651152274606
-0.2375054571665044,1.7439465307609263,0.539637346259804,1.7922266502660722,1.7017446446176132,1.5220912577032912,1.6004751376347472,2.164294132227671,2.644041236147567,2.8115372307034976,0.5843818036043091,0.5721408672305759,-0.32986828824143966,0.5454407749149718,0.5798660200725485,-0.4991238636417089,-0.06268120203819413,0.012777560622504947,0.3143030973180182,1.0130277267023582,-0.16561987297708428,1.8681238311192676,1.041029858587793,1.898816050788447,1.86234783788512,1.2229739172314111,1.2235641351275512,1.2710065938019246,2.3566786672556095,4.282782436573858,1.0776531692202196
-0.2376864696562799,-1.0043970125490538,-0.9281829844985443,-1.0286827816087245,-0.8779278760138007,-0.6089669958723339,-1.197624663483826,-1.141768803892644,-1.2861858295997368,0.41895502825282105,-0.4173870794540148,-0.2537864901528381,1.36991823684805,-0.3364243027853681,-0.38143399750428814,0.5815083420776817,-0.9108247258143802,-1.1740965663422738,-1.9989086517715546,1.6865130664385553,-1.1696369630013903,-0.9937977845956737,-1.0264557475704859,-1.0315043079561124,-0.8401539956191869,-1.078254603438364,-1.203102305535055,-1.3218066824471775,-1.7698013254746452,-0.3043723623383443,-1.2583104731829267
-0.17565310821757527,-0.8255275464038798,-1.4151485344828392,-0.833227282309111,-0.7695951717353162,0.1546377841227832,-0.5573617937096009,-0.7209385705034498,-0.566253943553605,-0.17452480043619203,0.00782417306714557,-0.7387124981443537,-1.2602281634484027,-0.8070372763992814,-0.5613204281511006,-0.1687075107776945,-0.8478437710785247,-0.697114550427275,-0.503685074876476,-0.4450612583200726,-0.39187724537692786,-0.831566762774623,-1.5196474166540563,-0.8797502301334882,-0.7532329717528001,0.17939354157883866,-0.6761970244564607,-0.7031994730127453,-0.425045275702216,-0.26732722175724205,-0.19348700714145348
-0.2373167513758377,1.8035696861426513,0.3896242621414188,1.8705737913355376,1.8258758682700436,0.6133869129874123,1.3370881131662216,1.545615688041413,2.168441950265912,1.1617379584988188,-0.019562314383371155,1.0153045642135694,-0.3918671537352801,0.8750123225315775,0.9620991621506789,-0.8027587492016495,0.048285242020217826,0.31600715732353796,0.4021679701833635,-0.09815532879800727,-0.4467275174738597,1.6601353416051003,-0.0008783694761735832,1.5725597493551915,1.6344451533573983,-0.22198352597984336,0.35992061969857164,0.8290056778844599,1.5313826687095582,0.28673922867316437,-0.45310220096103804
-0.2377244963230722,-0.5699997376250592,-1.3574511944373067,-0.5507652210849868,-0.5783202407436169,0.7599521298770702,-0.1892009602429338,-0.7737840209443593,-0.5330665208574678,0.23979130638443974,0.2975443824120707,-0.7038530484595544,-0.7193869963744743,-0.42285372881738836,-0.5190542634020765,-0.06794224004611561,-0.04768573662489522,-0.7953386161071185,-0.631258111440583,0.8693869902596283,0.1763372921272249,-0.6194185034701726,-1.2534545621486857,-0.487344715290371,-0.5982944800234886,0.4871159600404941,0.009880875051601325,-0.8407486054634602,-0.5115707221047162,0.9181172768380466,0.5051242980816664
-0.2373358495901865,-0.4110046566071263,-0.5704594762162427,-0.4093280137858994,-0.47111600213469984,1.192319519701561,0.13247981008222884,-0.6416703948420854,-0.5035375542065736,1.1356099157263462,0.5166362820161925,-0.07258638040511883,-0.36755756817690505,-0.17496273767060455,-0.24585557531418206,0.17844725915136617,-0.584523398420996,-0.43853225630798925,-0.44454525660172406,-0.2919348128669736,-0.04392083176201688,-0.38855128010944706,-0.6116521583412579,-0.4199982310495614,-0.45890283809141713,0.7011837294051243,-0.3757992799594243,-0.6313925185058465,-0.5333941917124517,0.27707527895635514,0.11312254847328686
-0.23775885767599955,-1.2522589870645096,0.1772980507738595,-1.2505288968475257,-1.0333740219967305,0.45216517440878917,-1.0041514006573131,-1.0537489060728948,-1.078777503663325,-1.7384747892456038,0.901488500399751,-0.23963562443920675,1.592284988467296,-0.34734670277842544,-0.4208415810625569,1.3906434230020206,-0.6433056228411277,-0.9766066645890121,-1.1118113776502794,-0.29735521801575565,0.8293983442813191,-1.1227506480944573,0.13140151527802887,-1.1629047816526252,-0.9147082071468601,-0.007915756615213192,-1.032410197327205,-1.2223928650251263,-1.4038739935308562,-1.5542431923790294,0.36012949888441487
-0.23771301424511218,-0.405326260856486,0.7611951320346483,-0.44190393033583514,-0.43585144996071395,-0.4162337356624333,-0.9150646129694295,-0.5345616891923396,-0.5795811762898493,-0.8613190675983204,-0.287661612583152,-0.5789112585001747,0.3428853586066176,-0.6678953982268528,-0.4245168997363851,0.17509957573835674,-0.7998582817559683,-0.3064506528369872,-0.49168814031216895,-0.5060408162438735,-0.47243858251929655,-0.3802317405288802,1.287625693129578,-0.4675897465797332,-0.4067855575211242,0.45143799847972266,-0.6660140500667306,-0.2655651962207001,-0.3357534739973266,-0.11270402628829139,-0.1676974183514282
-0.23751142969899167,1.1420365811930377,-0.06964656462101985,1.0829788469003871,1.0331287353988412,0.09014908869133437,0.13247981008222884,0.31470336679583794,0.7912945675206796,-0.03268685395705691,-0.86566063719666,-0.0011417657045895114,-1.2206544195161642,-0.15026861594717014,0.16823032860379256,-0.7214100422655243,-0.5257411740008643,-0.2781740278685473,-0.06757115782752149,-1.0101384950806247,-0.5487147421540922,1.1484836574002488,-0.07926644933051598,0.9948765734229142,1.062038410822656,0.5183341764061696,0.123166465137348,0.5476000453574239,0.9596692395491657,-0.1400852171525844,-0.09262105987380059
-0.23778044058732628,-1.3436811586498212,0.42424266616873885,-1.3329995716574892,-1.1041852427620942,0.5987303912984471,-0.5254067502998166,-0.8618168078983621,-0.8931631230250066,-0.3686188324602722,0.9144610470868362,-0.5844335475591528,1.5319821405705514,-0.5714933461142148,-0.5402894379619727,1.1864347348084556,-0.4681585868137965,-0.5363842611329851,-0.42190315474796225,0.35038319726372574,0.21661796069840933,-1.2288247777466825,0.992037308678829,-1.2161833336297991,-0.9772489438312117,1.026745128647166,-0.5762765882572346,-0.865153266353305,-0.7682270196041399,-0.033781770267680894,0.4879312388883159
-0.17486741925394064,0.28175962497100904,-1.3759143432518768,0.21497499452552318,0.14389778777961354,-1.216479819879965,-0.6878933043653261,-0.7044404786584829,-0.5918631358703096,-0.3536885223045733,-1.0386279263578093,-0.7804748091528758,-1.4803335582715207,-0.7244069460170199,-0.46841653945155504,-0.6574692890770473,-0.6301096132774247,-0.5970301804731917,-0.4519799766134073,-0.5060408162438735,-0.8418208836720715,-0.02457142345965443,-1.593136241517502,-0.09463988273951669,-0.1143987800843963,-0.8552673436835406,-0.5298167676040912,-0.6609886281336901,-0.5129538997559107,-0.6635491601464278,-0.9133030853697046
-0.23743445039137803,-0.8908290975362446,-1.002035579756826,-0.912399130126676,-0.7972425806397212,-1.379167210627485,-1.1073758742174045,-0.7922154829274082,-1.096834597429491,-1.0479479445445512,-0.07289389520805825,-0.7556245083874742,-0.9609752807608074,-0.760023467733512,-0.565199931195697,-0.9095498500766449,-0.639706711141936,-0.45229850793736126,-1.2946379015739404,-1.1239670032050522,-0.08334446483168645,-0.756690906549523,-0.838650972919457,-0.8043221677837812,-0.6839788226560042,-0.8820258148541196,-0.439442869895237,-0.31311304447526817,-0.9159196554705747,-0.4976513566745328,0.4575568343133975
-0.23752987201506992,-0.9334170656660482,-1.5743931930085089,-0.9606444748905045,-0.8381494611615448,-0.8097613430111645,-1.116478219915949,-0.9824591045146825,-0.9284410920327116,-1.3689496128920677,-0.33666901117881104,-0.7908291011384596,-0.32233043225434654,-0.7581239199086324,-0.6037907772708929,-1.1710039246326684,-0.7884617280418611,-0.7752473299453324,-0.4117649001865761,1.2474602493871914,-0.13005289966423,-1.0291558278130821,-1.7417469762413595,-1.054851089159593,-0.8685976639982281,-1.724025707688332,-1.1575971387309485,-1.181880157583734,-1.2789269457062866,-1.2176156105768348,-0.9837946280624391
-0.23748973875736157,-0.8368843379051605,-1.0135750477659327,-0.8682773191033458,-0.7639528433874785,-0.9651204729142026,-1.167412622441848,-1.1292186538696405,-1.2093321208207288,-0.15959449028049316,-0.2645993073616653,-0.6558781622596821,-0.38056036975464047,-0.6337035373790206,-0.5225253977051365,-0.4549344425899869,-1.093529476410014,-1.1378690009057344,-1.501965207354284,-0.43422044802250803,-0.7291207152229069,-0.7400518273883896,-0.559393438438363,-0.7657101834857172,-0.6910455725638405,-0.6768775358796826,-1.011980604957809,-1.2950343327871052,-1.5136060871922863,-0.13525324229418023,-0.5396405989008992
-0.23779607411551645,0.25620684409312705,0.6573399199526899,0.1988932129375803,0.1467189519535324,-0.4155009095779853,-0.6594242656911546,-0.464702581536308,-0.4149506542538917,-0.7456091638916579,-0.8368327556698019,-0.32419567565480917,-0.6862204300312649,-0.36396774624612177,-0.21951579148508013,-0.7702862200954593,-0.9030270837994647,-0.5776830160211013,-0.4406589256865263,-1.254056726775827,-0.900956333276576,0.37060670661726375,1.0132674136393804,0.300459491473233,0.2581956088062739,0.31764564262682865,-0.32615727980949033,-0.005992759320761926,0.5816006815560025,-0.36074540235306596,-0.27887920113509185
-0.23745749942825073,-1.029949793426936,0.2419190716248554,-0.9189967841114728,-0.909807031179084,-0.4030428661423642,1.1840912386587692,1.7969538059920804,0.26630612502823714,1.3894251883732198,3.1500632594946953,-1.011030377365212,0.06210022308740082,-0.2376478158916304,-0.6826467812615841,0.5098679170392832,3.0635734273263617,4.537037555572884,2.9333521923427357,-0.5466938548597403,3.6289048099786276,-1.137309842360449,-0.43527897866898735,-0.9324301466951879,-0.9397951693196791,-0.7794516753669011,0.6679555949879056,1.6038415315839012,0.481704517858622,-0.48637674867158887,2.086312641896749
-0.24372474629960506,1.4770619304808246,-0.22889122314668997,1.4334792148427316,1.3660261079212679,0.5474325653870664,0.7618973317901028,0.9540044257883041,1.1869304569848695,0.28831481439045953,-0.5370227877904762,0.2294138025077466,-0.38244483375141375,0.018791140467111462,0.2552128705510594,-0.4425480139618524,-0.20183912107360794,-0.03596241136256899,0.5339652794813814,-0.5385632471365668,-0.75697436902213,1.5540612119528747,0.5168095745618786,1.3390919373203856,1.3146747200278044,0.8929527727942721,0.7506922619044623,0.7722393692540059,1.6912165306253673,1.1130069294603697,-0.328165970822695
-0.23727248210079965,-0.041908932815496555,1.8412893376870174,-0.04357057100371234,-0.17037990119494845,0.22425626214537114,0.14990983376029327,-0.5666556334845018,-0.16147191397630634,-1.0404827894667017,-0.13487384049080348,-0.13781841991429788,0.5539453262452241,0.011667836123813016,-0.22094508208045777,0.09375086880223185,0.08547399624519926,-0.4035585359522873,0.7485583343640518,0.08071804111180744,0.6738464007564264,-0.21176106402240463,1.2549639931902694,-0.22334649706639717,-0.312974452494597,-0.3423966462474476,-0.19441504864235787,-0.6784551846353681,-0.15916779386149554,-1.0452751739603998,-0.02212951718106531
-0.23779453854191832,1.423117170849741,-0.13888337267565906,1.3633791412542624,1.3857742571387,0.664684738898793,0.42298020471663245,0.563463657895729,1.0641108611802665,0.3778966753246507,-0.4375665965228148,1.1150509103413617,-0.009509408789983497,0.9372225137963831,1.2626585559215164,-0.1733942675559075,-0.13765852910468854,-0.07837734881522875,0.5998639341303904,-0.22824505236878212,-0.48143745528519927,2.042834162311168,0.43352223971664017,1.8688842800147538,2.2280521456156497,1.365685763474497,0.599220517857228,0.560214780608636,1.4437814174672403,1.0276420402952204,-0.03760327045508063
0.40993482772134915,0.09721176307519415,1.9312971881580483,0.17703848411293996,-0.005623913438086535,1.2949151715243212,1.0582077343171943,0.9707603003183486,0.6381620501983444,1.8186716053495504,1.1710291926758751,-0.1188355512740606,-0.31102364827370693,0.007393853517834035,-0.16561111760226693,-0.458282126002996,1.022390675268115,0.5898439464915871,-0.15712573978643105,-0.2214695459328041,0.743266276379106,0.2374940733281966,1.9016656519885937,0.49202282442486894,0.10484713580622572,1.6065120040097067,2.550532985289248,2.0870829281303283,0.8613099399086678,2.1245003331530894,2.8943864239841965
0.40609127157228764,1.559398668865112,0.47963211261244976,1.54893815957668,1.5296536300085624,0.9797999552115572,1.0659544115074449,1.402546297823341,2.0560750860191472,0.9452484612411912,-0.3827936216217844,1.1775218053210514,-0.7747902378796084,0.8175510008289703,1.089714393880824,-0.2765029166765929,0.882033118999637,0.2516406294348523,1.478512662783844,0.311085259935054,0.35974288945134075,1.5083037442597582,0.007287055508653858,1.3420851143977546,1.4577764056614901,0.5629316283571343,1.0663644679860935,0.8634536087627694,1.9647783327505013,1.150052070041473,0.22831604506873218
-0.23732954525033884,-1.2352237998125886,-0.8058646236020154,-1.213829446557092,-1.037041535422825,-0.09598873675853109,-0.4002979136772668,-0.8414519757772312,-0.654840843506287,-1.600369420305394,0.9029298944760934,-0.5336975168297914,0.03383326313580154,-0.42142906794872875,-0.5190542634020765,0.5878689405623992,-0.296010643869125,-0.7789679384938114,-0.8497374972384514,-0.26618788841025787,-0.1017707281142495,-1.0561943314499236,-0.4075165337205747,-0.9979807246895762,-0.8963346573864857,0.45143799847972266,-0.2077802025288785,-0.9126040781828637,-0.7665364691415688,-0.6393892858544048,0.486785034942093
-0.23776242267601133,0.33286518672677307,0.8281240464874666,0.3201251049082263,0.19016488023188324,-0.30997395341743195,-0.024390403020348905,0.3043920593927335,0.6692589265829141,-0.3686188324602722,-0.24153700214017867,-0.31591224206634194,-0.6722753964551424,-0.3744152592829593,-0.229112456911187,0.9728525330584648,-0.054883560023278606,0.5117111669735297,0.9800484801823655,0.6105626444052745,-0.6811267271380917,0.02326592912860412,0.05791269041458307,-0.004844570418437241,-0.09355186785627922,-0.271040723125904,-0.36434343377097805,0.05902164543548438,0.49861002248433284,-0.5524137384031198,-0.8777707630367817
-0.2437403026632928,-0.8652763166583627,-1.405916960075554,-0.8893073411798861,-0.7868042731962214,0.09601169736692045,-1.0405607834514918,-0.8863061629807348,-0.8194713655422445,0.05316242943820902,-0.23000584952943584,-0.618947854177766,-0.7849663434621842,-0.6811922330010098,-0.514153838503639,0.6839474545157649,-0.981903231873417,-0.7291117839441937,-0.6079401259493953,0.49808923756804224,-0.9052415107841489,-0.9002029643142982,-1.5000503966904706,-0.9402124070963482,-0.7827366526180167,0.10357787326219847,-1.0643592794749828,-0.9765510822640073,-0.9236039757549886,-0.06438427770424425,-0.9098644735310344
-0.2373950347635422,-0.050426526441457564,-0.8104804108056579,-0.1173818249586292,-0.15317079973404327,-1.214281341626621,-0.949924660325558,-0.8727725720141605,-0.5931697273150395,-0.8463887574426217,-0.9780893751514076,-0.6565684483920543,-1.02353948545368,-0.5971372417500889,-0.4371763307240155,-0.7160537488047093,-0.9667278208751585,-0.8313169007709099,-0.18078166709633162,-1.1510690289489636,-0.6974104016668683,-0.29287657493292996,-1.0084918126038658,-0.3331960958058511,-0.3444214895844688,-1.2655639016324152,-0.9880506151419433,-1.0180826721679976,-0.5071138163397563,-1.2288902185797788,-0.9453967958639574
-0.17564989817427462,-0.6551756738846658,-0.4181384984960368,-0.6695229928113339,-0.635307757056778,1.9251456041498496,-0.6344412317525959,-0.3775720339800767,0.6486147817561829,0.7436892741392627,-0.5615264870883062,0.8171924442227295,2.0634009876606134,0.549714757520951,0.16700522237918325,2.4116868639698468,-0.6277103388112968,-0.7026954632499932,1.2284357169363223,0.8910686108547574,-0.3126014614868312,-0.8149276836134897,-1.0607505325067608,-0.8441314229127934,-0.7269093283461099,0.18385328677393464,-1.102736364206278,-0.974755908401335,-0.39492274018731355,-1.093594922544447,-1.3333868316605548
-0.2372637470791258,2.090328671549994,0.7427319832200783,2.04376220843646,2.3082949420101704,1.0823956070343175,0.21381992057986196,2.001891040628778,2.3435252038597074,-0.3350256346099503,-0.9247577943267195,2.663017562186164,0.10921182300673239,2.2840019216359977,2.410174719638981,1.112785699722252,0.21323536156650594,0.7598757571570742,2.14763746383532,-1.2283098023191108,0.21747499619992364,1.8993221045463924,0.14936545024464892,1.7491571969199813,2.0195830233344783,0.41130029172385396,-0.2905168694454352,0.6708363051192638,1.635889424577587,-1.3513002483260317,-0.7132904967537332
-0.17797069774904137,0.5316090379991892,0.11036913632104112,0.4809429207876545,0.44265907379762204,-0.33342438811977726,-0.39932957902848554,0.11737072136892943,0.44844497242357423,-0.06628005180737885,-1.2591612200382756,1.1837343805124017,-0.3430595362188523,1.0284008093906025,0.7879298938853769,1.2868652371987337,-0.19943984660748001,0.128116425625352,1.0577750984863246,-0.6374856411018434,-0.7642591707850038,0.7179474841059227,-0.15112218919699666,0.6327021470612273,0.5991662918593765,0.8126773592825359,-0.3337945106017879,0.05077354930969179,0.5662320409871748,-0.4010118595064386,-1.1305087331790258
-0.17719443057115214,-0.5529645503731377,-0.2842806695904009,-0.584165844383022,-0.565625001960982,-0.7100969955261972,-0.7372783714531747,-0.6410259381293915,-0.677052898066694,0.575723284887655,-0.05271437813925729,-0.6365501505532587,-0.40656597291011165,-0.6550734504089157,-0.4931228483145111,-0.48807650837877836,-0.583923579804464,-0.4322072217755751,-0.6599831660311767,-0.3000654205901471,-0.5345736563791019,-0.5674213810916308,-0.04333857939727593,-0.6304185795886242,-0.564727417961266,-0.44943053092976265,-0.4973585367368268,-0.37909781348160765,-0.5078822483681975,0.3447229269740216,-0.13044579009917012
-0.23740248113802567,1.3123884537122519,0.6458004519435832,1.2891555339252956,1.2672853618341073,0.4081956093418916,0.6592538590192802,0.9127591961758869,0.9987812889437753,0.47494369133669023,-0.19108820946817728,1.4312019589678586,1.3812250208286896,0.7738614008567404,1.291244367829069,0.36759137198638947,0.9312182455552575,0.8056392423033651,1.100017825825433,0.4913137311320647,0.3357458954089329,1.319034218801866,0.8891529538700048,1.1265763648271643,1.2705075331038274,0.3221053878219258,0.5686715946880376,0.5762257907351741,0.8551624836811369,0.17399314864372195,-0.026141230992847
-0.24370651232768334,1.814926477643932,0.47732421901062805,1.8705737913355376,1.85972983835707,0.8991890859222451,1.1531045298977658,1.6783737708563808,1.6431921894845234,0.12034882513885187,-0.06136274259731542,0.6418597666001746,0.03383326313580154,0.6375688444216313,0.7029891956457924,-0.10376245256531486,0.15325349991331028,0.3372146260498679,0.5001710976100946,-1.2242444984575243,-0.0019260921878034801,1.5686204062188667,0.8613905089215922,1.662355061676271,1.5478774669864033,0.6521265322590637,0.653954005202027,1.1909515431692335,1.477592426718661,-0.6748237681493723,0.36643362058864315
-0.23758627926633852,-0.371255886352643,-1.1682039190879598,-0.30871379051774417,-0.41920658133459254,-0.6324174305746793,0.5759770792240847,0.6291982425905188,-0.24613903959479877,-0.8202607146701502,0.20817794967880876,-0.6969501871358318,-1.4281339055609013,-0.22340120720503373,-0.4963897982468028,-0.4937675701808943,1.8333454448193196,1.8611758875068376,0.31599280641158245,-1.0223344066653848,1.638439857711063,-0.40103058948029685,-1.2714184971153057,-0.07967399735267013,-0.43240252593703093,-0.28441995871119313,2.0872076505565307,2.4271955977880046,0.6292434673193685,-0.4187291006539223,1.9602302078121832
-0.23745971404947017,-0.09301449457126108,-0.6835462627054861,-0.1615036359819599,-0.18928170116020468,-0.6448754740103003,-0.9671610170738659,-0.9481740073993606,-0.7405532422805633,-1.462264051365183,-0.5499953344775624,-0.5181660788514153,0.3108494706614722,-0.5349270504852829,-0.406752859479549,-0.44790430742266735,-1.0446442591626597,-0.9786157932051907,-0.9779864174399844,-0.6456162488250167,-0.704695203429742,-0.25127887703009666,0.015452480493480721,-0.3269104239433757,-0.3347047084611938,-0.7348542234159364,-0.9937785382361665,-1.0653879293600423,-0.9159196554705747,-0.864881445913291,-0.7144367006999569
-0.2374446901208491,-0.5643213418744184,-1.1728197062916024,-0.5631358223064812,-0.5608290228653199,-1.1102200376349636,-0.5157234038120032,-0.2602809122697653,-0.6240052854106632,-0.6336318377239194,-0.15937753978863348,-0.47571348171052114,-0.6918738220215847,-0.36396774624612177,-0.422679240399471,-0.8606736722467095,0.29421087479831987,0.44213578711697354,-0.16219486706712413,-0.13474306355228752,0.38159729473996196,-0.6630960862681475,-1.0117579825977967,-0.5989902202762462,-0.6253247984209627,-1.3012418631931872,-0.08813025344955036,0.17061353419620529,-0.3651075774837877,-0.3575240857807965,0.2661407752941017
0.46237273698549636,0.2420108547165262,-0.023488692584593986,0.1988932129375803,0.1159682624578168,-0.2989815621507078,-0.36582520018065084,-0.17688821364715945,-0.1533710470189815,-0.9509009285325116,-0.5038707240345891,-0.06361266068427943,-8.708880611734912e-05,-0.1108529985809192,-0.04432560136593697,-0.6775553895551029,-0.5431359138802911,-0.07019201000857518,-0.406695772905883,-1.1768159534056792,-0.8628182534591782,0.26245269206989613,0.42045755974091614,0.18372558545582954,0.1468942977578518,-0.32009792027196526,-0.2981541002377326,0.06872528793641666,-0.04851358176593567,-0.9937341088040833,-0.8055599144247113
-0.1756394269512963,-0.4592710204875702,-0.1781175639066216,-0.5198387180312506,-0.48465759016951043,-0.9013646035672007,-1.214280019442865,-1.1177950141804263,-1.2097763619119368,-0.4432703832387645,-0.5903543686151643,-0.4574208992026562,0.2863514387034199,-0.5425252417848012,-0.37183733207818126,-0.19850189315347713,-1.0405055107085892,-1.1048932473405657,-1.5048377128133437,0.7460727731248314,-0.7355484814842662,-0.5861403451479058,-0.39281876874788557,-0.6615476211932649,-0.564904086708962,-1.2477249208520296,-1.2137307850543355,-1.294738371690827,-1.6349876104048882,-0.6345573109959997,-1.105292246362112
-0.23742760590001344,0.551483423126431,-0.9951118989513622,0.48918998826865095,0.3927244679192579,-0.09379025850518606,-0.3844172254372527,-0.43286641992922353,-0.10293661725241035,-0.30143243675962933,-0.5615264870883062,-0.572008397176452,-1.056894498196567,-0.5387261461350421,-0.3844967630658117,-1.010315120808224,-0.7734662626285622,-0.4928531411157816,-0.5209201076308322,-0.7052407054616219,-0.9043844752826343,0.2894911957067384,-0.9643985176857984,0.2465823040805854,0.11315056694793328,-0.4984877280758239,-0.5393633060944633,-0.20103597358950046,-0.03468180525399071,-0.19484759888117134,-0.7723199999842348
-0.2374107994713865,-1.1832664786942284,0.4865557934179139,-1.2059947324501457,-0.997263120570569,-1.1036246028749284,-1.2731547660887708,-1.1099326422855593,-1.151371724332514,-0.6933530783467128,0.25141977196909737,-0.7570050806522188,0.2693912627324603,-0.7975395372748835,-0.593377374361713,-0.41911423007078763,-1.1791235929891242,-1.0969311450468207,-1.402948254471414,-0.7797712762573781,-0.5658554521843834,-1.0832328350867655,0.5641690394738775,-1.129680516093826,-0.8966879948818774,-0.8552673436835406,-1.1838182977845035,-1.261886690003921,-1.373444085204577,-0.8858200036330446,-0.17113603019009846
-0.23788714366127187,0.517413048622588,0.9389029393748884,0.4232134484206805,0.3865179067366363,-1.0384030813590315,-0.7392150407507374,-0.7165562648571304,-0.4178251554322973,-1.0740759873170238,-0.8180946326773443,-0.08604695998637804,-0.020816192770623125,-0.1887344594009814,-0.003080358470754172,-0.9865465685758581,-0.9648683831639094,-0.7644575651547435,-0.7162504788468691,-0.7594447569494445,-0.29546075145653994,0.597314160187706,1.3709130279748174,0.48304329319276107,0.47019810604136364,-0.6099813579532356,-0.6481938448847031,-0.6139259620041685,-0.23677942873407573,0.07896430976176241,0.05294684129656231
0.44345970972604404,-0.8028139634013179,-0.06503077741737735,-0.83570140255341,-0.7470258583439653,-0.6668602565437487,-1.0608958110759001,-0.8325584731420538,-0.7183411877201564,0.7362241190614133,-0.44621496098087293,-0.47916491237238246,1.4622569726899401,-0.43187658098556636,-0.4731127799792244,-0.14661280025183332,-0.6840932887653007,-0.6621408300715729,-0.3220413473183099,1.8911333608050866,-0.3443117750428698,-0.8232472231940565,0.10690524032354715,-0.8492198239443208,-0.7500529342942738,-0.8909453052443127,-1.0174539536922889,-0.9565130604995823,-0.8164845509902591,0.5927643030387962,-0.7826358355002448
-0.2376412666907626,0.07165898219731213,0.2419190716248554,0.08467132832578064,-0.05104465663818007,0.18248517533181857,0.30484337756530827,0.37914903806523964,0.2764975382971298,0.5010717341091627,0.29033741203035496,-0.673825601701361,-1.031077341440773,-0.6731191547452716,-0.43370519642095556,-0.9815250434563442,-0.5629299282258454,-0.42997485664648766,-0.7649141007415219,-0.6754284771433194,-0.7522606737638001,0.4184440592055216,0.7568730691158023,0.3064458456279717,0.282929233483701,1.0445841094275525,0.9460780830074076,1.0880929326593511,1.0549548110758977,2.986202516235262,1.0146119521779362
0.45346100088462626,1.054021447058111,0.4265505597705597,1.3180202701087829,0.9400303176595186,1.961786908372264,2.958080315226192,2.9685761096698062,1.8444072719729159,1.1094818729538736,1.2258021675769066,-0.004938339432636929,-0.7977806986402423,0.12326627083548786,0.017338078606069035,0.061278339696042024,0.7092853574384336,1.119658603794987,-0.22302439443544,-0.581926488326825,0.5860002618511844,0.9321756283055151,0.3747311798258835,1.2552829791540443,0.7422679774930622,2.4761623170535167,2.130485291712884,3.061328635223928,1.2485996822431273,0.5573298207438286,2.074850602434516
0.4290924587370208,0.6423377551366783,0.2165322420048212,0.6953666752935593,0.48554076924118866,0.15243930586943819,0.9826776317122492,1.1692529678281063,1.0306621201951829,-0.08121036196307668,0.08421805911331832,-0.34766540415546604,0.161976814916384,-0.1811362681014631,-0.18521281719601715,-0.11681841787605098,0.934817157254449,0.8242422850457598,1.0645339348605822,-0.4586122711920282,0.3653136202111854,0.3061302748678714,0.48414787462256936,0.4740637619606532,0.17198125993067082,0.4335990176993363,1.3349404175152237,1.5223309345760707,1.3577170302818045,0.24969408809206212,0.6644466466067087
-0.23744468240439887,-0.0901752966959404,-0.6950857307145928,-0.1676889365927068,-0.18110032505584,-1.903137861008012,-1.0951748576427596,-0.8781860084007903,-1.063882361193405,-0.7792023617419788,-1.1395255117018142,-0.5188563649837876,-1.0859152437468753,-0.54822388525944,-0.3581569792367097,-1.0873118393074368,-0.6720969164346616,-0.43443958690466244,-0.8134087517268183,-0.5060408162438735,-0.7548317802683437,-0.1680834812244297,-0.9007082028041451,-0.23950965328419166,-0.2447803158839766,-2.0932926098423192,-0.8505804608805876,-0.7924729840213223,-1.0725261028669297,-0.5749629544090086,-0.9952566675246728
-0.24374450812867468,-0.09869289032190141,-0.452756902523356,-0.16480246297435835,-0.203387522029799,-0.614096778463472,-0.8424395143108288,-0.9587430974875425,-0.9880216619123915,-0.7530743189695073,-0.5399055759431619,-0.6417272965460507,-0.6443853293028983,-0.6498496938904968,-0.4645370364069586,-0.7957286140343299,-0.970866569329229,-0.8345166241226017,-1.1854826941296845,-1.0480813311221004,-0.8671034309667508,-0.17224325101471297,-0.31116451889961233,-0.22035331998902802,-0.27905405293698277,-0.7170152426355507,-0.7761174606556867,-0.9280813879718507,-0.9853859108416761,-0.8616601293410211,-0.6748926645552522
-0.23730263027189494,-0.7545475995208741,-1.092043430227857,-0.7334377657890553,-0.7275598255439252,0.26456169679002667,0.13828981797491707,-0.2734278292087234,-0.6083261880739054,0.00837149897111344,0.7458179401547168,-0.4349865999005576,1.0740573893546466,-0.5866897287132513,-0.4043026470303302,1.7321071311289657,0.9456138923520243,0.8919573606280764,0.5255167340135598,-0.24450626781512874,0.7629780929139409,-0.8440460721454732,-0.9480676677161435,-0.8644850270389045,-0.7527029655097124,0.12141685404258484,-0.2873346899486446,-0.4499344037384132,-0.7065987709231405,-0.9180331693557428,-0.12929958615294723
-0.23735296467682312,0.23917165684120553,-0.5612279018089578,0.2595091589229033,0.08070371028383093,0.1905462622607497,0.610837126580213,-0.14659874815054053,0.3188311011063761,-0.5515151318675777,0.8712192247965496,-0.11193268995033796,-0.6703909324583692,-0.26566614630860413,-0.11885289669634165,-0.9550783444935709,-0.4297701953557512,-0.4314631000658793,-0.30244072183296367,-1.3082607782636495,-0.2118997900588705,0.0919021306682797,-0.8255862929437336,0.06100532528368778,-0.04761799345534311,-0.8151296369276726,-0.25042140778587313,-0.42130865836066306,-0.20527371556797888,-1.1628532288482478,0.10853773268839373
-0.2373467760837291,0.17387010570884068,-1.032038196580503,0.0916813356846276,0.056159581970736956,-0.843471342895786,-1.05934647563785,-0.7014759777800904,-0.6221760573880415,-0.5851083297178996,-1.3211411653210208,-0.642762725744609,-1.0832769941513927,-0.5634202678584765,-0.4071612282210854,-0.08970218223067582,-0.8028573748386281,-0.6227023794576962,-0.2145758489676184,-0.5968326024859761,-0.8366786706629842,-0.14728463227301306,-1.2910155170788915,-0.17844884090585744,-0.21845667247728615,-0.7972906561472868,-0.9918692305380922,-0.7876211627708561,-0.5472259682243967,-0.9099798779250682,-1.2709187165913833
-0.2377982501544847,-0.20090401383342943,0.7219609408036866,-0.22789252920398037,-0.28153376964735183,-0.6382800392502652,-0.5399317700315366,-0.5294060354907876,-0.4018847398065935,-0.025221698879207468,-0.7878253570741428,-0.5889204074195724,0.2920048306937395,-0.5358768243977228,-0.4177788155010335,-0.8439352551816633,-0.6918909307802161,-0.39462907543593784,0.0017069150086163015,-0.5141714239670466,-0.7608310287789457,-0.2429593374495298,1.0344975185999312,-0.259264621994829,-0.3269312835625739,-0.6947165166600683,-0.5463641009874025,-0.21462107309080575,0.2004583954490742,-0.045056378270624864,-0.8267646874298434
-0.243739862825629,-0.21793920108535095,0.10575334911739862,-0.27201434022731047,-0.2691206472821089,-0.4213635182535714,-0.8130021409878757,-0.38672331930033177,-0.38777355220351145,-0.8127955595923007,-0.8555708786622594,0.2252720857135131,-0.09619475264155398,0.13228912300366566,0.05592892468126491,-0.3257138628478292,-0.8832330694539102,-0.37379366756445576,-0.40331635471875443,-0.6781386797177105,-0.7985405908455862,0.34564808787556345,0.7160459441916657,0.2675345436221703,0.19388818464496338,0.3711625849679865,-0.6513760243814938,-0.038985143823931506,0.012960980509375442,-0.024117820550871645,-0.5665763916371475
-0.23743823916844684,-0.03906973494017639,-0.45968058332882017,-0.11078417097383228,-0.14583577288185415,-1.156388080955206,-0.9925313848719372,-0.7962111145461112,-0.4366400722364069,-0.6522947254185425,-0.7215212295623695,-0.8767697246188064,0.9176468776224652,-0.7723705285952291,-0.5715296466895122,-0.5372874545500147,-0.7572711599821994,-0.7529236786544589,-0.4519799766134073,-0.40847352356579236,-0.9802321171666728,-0.29079669003778835,-0.023741559433690187,-0.3364885905909573,-0.35219491448308865,-1.1228520553893286,-0.8518533326793041,-0.9113426046577425,-0.5539881700746808,-0.605565461845571,-1.0032800951482361
-0.24370850317184575,-0.08449690094530007,0.015745498646367716,-0.15284421512691343,-0.16332699076015125,-1.1959606895154136,-0.9993097274134065,-0.7557392329889268,-0.7452569714815906,-0.8837145328318677,-0.9665582225406647,-0.25137048868953527,-0.5119075103297374,-0.3834381114511373,-0.25014344710031494,-1.095346279498659,-0.871836515739803,-0.6048434584249973,-0.9386161955599353,-1.2987750692532807,-0.6489878958312958,0.019106159338320865,0.15263162023858035,-0.09763305981688584,-0.09425854284706281,-1.1317715457795219,-0.7347491271974085,-0.5100969872441933,-0.5172571191151825,-0.8745453956301001,-0.433616733875241
-0.23765378277305502,-0.3655774906020027,-0.6558515394836312,-0.4085033070377999,-0.40735769180413345,-1.232601993737828,-0.9915630502231558,-0.6425726342398571,-0.6650322567751796,0.04942985189928482,-0.8613364549676319,-0.7255970616292807,-0.5454509694723016,-0.6507994678029366,-0.5086408604928967,-0.5617255434649824,-0.5689281143911652,-0.31054332224031395,-0.5761735949903857,-0.22688995108158613,-0.6768415496305189,-0.5071047191325221,-0.5691919484201555,-0.5044058246313758,-0.5004199937999555,-0.9845999543413381,-0.6768334603558187,-0.4659454138649514,-0.5041937746316788,0.20137433950801498,-0.8084254242902701
-0.23772480498108187,1.5877906476183137,1.3727869365172938,1.565432294538673,1.4986208240954546,0.38621082680844326,1.0465877185318184,2.13851586371991,1.7163613103893933,1.4416812739181648,-0.218474696918693,0.3136287106571629,0.0017973751906561317,-0.04674325949123363,0.46286837562235145,-0.6504391539097277,0.38598312312770916,0.5950527984594577,-0.2365420671839547,-0.5995428050603676,-0.21747052081871512,1.3127945641164407,1.3219204780658529,1.2283443854577203,1.2457739084264003,-0.19076530961416782,0.8219730826325725,1.4306315129422604,0.8920472210463234,0.6539693179119229,0.06039716694701425
0.4089193351530592,-0.1327632648257439,0.7935056424601467,0.04797187803534693,-0.23272762943855552,1.2362890847684584,2.4100029040159514,1.6010389653330985,0.8108934391916269,0.9452484612411912,2.0430726088633375,-0.6638164527819631,-0.05473654471254201,-0.38106367667003793,-0.43799306820708844,-0.1831025494536345,2.039683048906313,0.8726101961759859,0.7519377525511803,-0.08053901206446513,1.8689824076184793,-0.2679179561912301,1.0655261335422748,0.03406673158736377,-0.3288746397872287,1.4860988837421019,3.2811613977523786,2.0468128117514595,1.623594512122525,1.1226708791771791,3.4101781997846956
-0.17485761936213337,-0.8851507017856043,-0.07887813902830569,-0.7891054712857809,-0.8440739059267743,1.8591912565495037,2.1408058716547376,1.0352059715877504,0.37762771611921814,1.4192858086846165,2.4293662213232383,-0.666232454245266,-0.32233043225434654,-0.543475015697241,-0.5445773097481056,0.14363135165606983,1.2077346277764895,0.5329186356998594,0.26361182451108817,-0.3827265991090767,0.3014644753483504,-0.6402173524215893,1.1978060182964778,-0.4759706423963673,-0.6638385854186706,3.8631430727285174,4.333826375290722,2.754693532194468,2.1092435540974828,2.0214182028404553,3.2497096473134297
-0.23778412905054191,0.014875024690907792,0.6873425367763666,0.16425552951739555,-0.042581164116423466,0.6353716955208606,1.858052154210585,1.6100613593108148,0.9750013246496924,0.49733915657023753,1.4809289190896013,1.0325617175228758,0.13182539096801166,1.1917619223302456,0.4108013610764523,0.8138375709405248,2.711479899422103,1.39275127125334,1.1236737531353338,-0.43422044802250803,1.020517261119066,0.2811716561261719,0.6572548843009091,0.34236397055640316,0.13364414168065866,1.4370416865960414,2.340509138501066,2.0366239871254805,0.9735010160611105,-0.08854415199626782,1.696603300180817
-0.24371604214373213,-0.609748507879542,0.8188924720801808,-0.5643728824286307,-0.6008895541349678,-1.9698250346928068,0.04726636098947076,-0.1179848701069261,-0.5079799651186551,-2.287163687467522,0.5685264687645373,-0.9837640751365075,0.4446464144323743,-0.5154566852802674,-0.6352555888062774,-0.6474262388380195,1.214332632558341,0.4276254137779057,0.8178364072001896,0.609207543118079,1.554021860811879,-0.7795696403960812,0.5266080845436717,-0.6076704338006174,-0.6986423287147645,-1.9528106361967805,0.41019905574786386,0.09104366568856084,-0.09154577535865337,-1.1403040128423594,0.567019311177726
0.4373390291105852,-0.15831604570362592,-0.8243277724165858,-0.20851192062363902,-0.24119112196031212,-0.14655373658546378,-0.7467680510112319,-0.5353350372475725,-0.3112072935423439,-0.3686188324602722,-0.8714262135020323,-0.2769110755873091,-1.0116673622740084,-0.41193132882433087,-0.27505394033403924,-0.16937704746029644,-0.7722666253954983,-0.5006664190675874,-0.13515952157009473,-0.16591039315778572,-0.830250904401625,-0.30535588430378013,-1.0509520225249676,-0.40563098107818857,-0.35413827070774373,-0.17738607402887868,-0.8136671787178164,-0.5780224847507192,-0.35250529221734894,-0.5942908538426271,-1.0600171904862905
0.46366987227116696,2.961962419273304,0.5604083886761956,3.012792637453529,3.3295563729688014,0.4961347394756857,2.0478457453717285,1.8356212087537216,2.5578062007953988,0.6541074132050715,0.6838379948719716,2.0262286050727507,-0.5609035742458424,1.988147347911005,2.0263081025947045,-0.6651689609269684,0.405777137473264,0.15453274631955222,0.6995567706506863,-0.19165731761450142,0.4407327443444666,2.8290306526747204,0.23591895508381874,2.93445531955823,3.106095821664313,0.10803761845729569,1.0300876217226804,0.9381716560199478,2.0339372153102264,0.4155918915639567,0.7515581465196821
0.4357424955555272,0.0404278055687898,-1.3159091096045228,0.00302536026391735,-0.05527640289905838,0.2074012622030599,-0.5542631228335005,-0.4039947592005315,-0.08333774558146301,0.9676439264747385,-1.1770017576867293,0.4057819093288602,-0.7273017451609219,0.42719392281621876,0.1557750819869304,0.03784455580497697,-0.6642992744197462,-0.2960329489012462,0.17405724255217833,0.33276688053018316,-0.9720902799022846,0.09398201556342095,-1.4020652968725429,0.08195756482527307,-0.018820987580909963,-0.09265091532204532,-0.6647411782680144,-0.5299894543711043,-0.09923009564306726,0.2625793543811417,-1.3110358547091998
-0.23771930315205936,0.42939791448766124,-1.2097460039207433,0.3943487122371932,0.28467388005816535,-0.1179735192919804,-0.1983033059414784,-0.22212907487827951,0.2642155787166695,0.0009063438932650393,-0.780618386692428,-0.32005395886057564,-0.720894567571893,-0.4233286157736083,-0.2597401125264218,-0.5888417791103572,-0.612115054781466,-0.5497784519075093,0.1436424788680204,-0.4762285879255708,-0.6005653899957231,0.2458136129087631,-1.0182903225856585,0.1986914708426761,0.0688067112762603,-0.42267205975918376,-0.39489235694016817,-0.49263043074251517,0.34184988868228944,-0.2834338046185911,-0.738506983570647
0.4649639209767408,1.780856103140089,0.3457742837068146,1.7427442453800934,1.8004853907047738,-0.3422183011331564,0.512066992404516,0.8212463429733363,1.3661948032018012,1.307308482516878,-1.2188021859006737,1.4812477035648477,1.013754541457902,1.0944100963051675,1.2197798380601879,-0.6822421463333159,0.33199944763983325,0.3487485125501525,0.8719070981942484,1.0780725884877456,-0.43387198495114127,1.4375876578249414,0.2718468250170588,1.327119229010908,1.3447084071361088,-0.9845999543413381,-0.02257735581566316,0.17837644819695106,0.7091603982772731,0.517063363590456,-1.1310818351521372
0.4357710464214224,-0.4479142289862895,1.1073791723078437,-0.45716100517567854,-0.46378097528251083,-1.2604493849468625,-0.5726614811603462,-0.4408576831666294,-0.7541417933057535,-1.1263320728619677,-0.35396574009492626,-0.5506095270729118,-0.24883633638018876,-0.6735940417014915,-0.4522859741608647,-0.6049106594928018,-0.14485635250307213,-0.05196102812102838,-0.5303824785547921,-0.8881793792330234,-0.13905177243013295,-0.4405484024879889,0.9512101837546924,-0.508596272539693,-0.4590795068391131,-0.404833078978798,0.5629436715938144,0.5757406086101275,0.043698261647030785,-0.11753600114669556,0.702271376832079
-0.17640878018976872,-0.18102962870618777,-1.216669684726207,-0.15861716236361087,-0.2806874203951763,0.6500282172098267,0.27773000739943066,-0.12868285153764678,-0.1230581255012496,0.5458626645762583,0.05539017758646125,-0.5091923591305759,-1.3190234401477288,-0.4048080244810324,-0.4008315127272702,-0.37659865072556986,-0.13285998017243286,-0.22757375160923385,-0.5863118495517718,-0.2417960652407377,-0.34859695255044265,-0.27831738066693823,-1.3645043419423373,-0.19640790337007358,-0.34848487078147455,0.2596689550905748,0.08179813167906963,-0.07149234620205479,-0.3727918977682016,0.26741132923954586,-0.10465620130914566
-0.1787404213771254,-0.3173111267215588,-0.7989409427965513,-0.280673761082357,-0.39720150077802546,0.8259064774774161,0.42879021260932043,-0.5529931511753886,-0.4734859509777878,0.5645255522708814,0.7876183683686611,-0.7566599375860327,-0.8486612265531206,-0.7030370329871248,-0.5306927725358658,-0.963782321367395,-0.3823845246497267,-0.5423372348105514,-0.9022874500483021,-0.46403267634081075,-0.5598562036737814,-0.3781518556337386,-0.815787782961941,-0.346366074946276,-0.44759603823887906,-0.025754737395598318,0.1314401318290038,-0.4048124661090781,-0.6505032328469191,0.4590796652895997,-0.10121758947047542
-0.2376694857492974,-0.7914571719000368,-0.9812645373404343,-0.7796213436826349,-0.7300988733004521,-0.4133024313246403,-0.4514259831329218,-0.3450914156602983,-0.6692133493983151,-2.4215364788688083,-0.06856971297902918,-0.24170648283632368,-0.16968884851571137,-0.4565707027090008,-0.36530343221359785,0.1272277029323243,0.7152835436037532,1.0266433900830136,0.8938733164105844,0.19590165052343073,0.45101717036264116,-0.821167338298915,-1.2714184971153057,-0.8543082249758488,-0.736096103226297,-0.877566069659023,-0.6106441268225734,-0.5222265403703585,-0.8021917152612492,-1.7523541615736222,-0.5344826811428939
-0.1756512562695172,2.1442734311810785,0.41962687896509554,2.2623094966828634,2.3421489120971968,-0.162675910443326,1.7670286972251383,1.6873961648340972,1.5569571541323548,-0.3536885223045733,-0.10172177673491634,2.6319546862294123,0.29012036669696645,2.8510169473625493,2.371379689193017,-0.4315006586989218,1.4542600791711233,1.1806765839900413,0.6387272432823702,-0.130677759690701,0.3781691527339036,2.469210565815211,0.4400545797045019,2.6411239659760377,2.65029045260887,-0.204144545199457,1.3718536996779949,1.4956459176985066,1.0595654032465462,-0.10626139314375159,0.2856262423798987
-0.17874217301133033,-0.1867080244568286,-1.1105065790424273,-0.20521309363124057,-0.26658159952558197,0.11433234947812768,-0.4564613233065848,-0.28283689721405597,-0.036823090149081444,0.25845419407906284,-0.7186384414096828,-0.46432376052637886,-0.771586649085094,-0.38248833753869765,-0.3491728669229075,0.4974814884111493,-0.6451050786907235,-0.28598730582035314,0.22305880626554409,-0.054792087607748986,-0.6134209225184415,-0.25127887703009666,-1.0166572375886926,-0.23831238245324374,-0.3050243588482811,0.5450926475767479,-0.5069050752271985,-0.16222140358577147,0.2096795797903707,0.1256734000596748,-0.6307638126256536
0.42799440786759235,-0.533090165245896,-1.5651616186012236,-0.5602493486881327,-0.5549045781000902,0.48147821778672056,-0.6787909586667815,-0.6278790211904335,-0.31930816049966887,0.5346649319594836,-0.44621496098087293,-0.5813272599634776,-1.0033757206882061,-0.5667444765520158,-0.47433788620383377,0.35788309008866276,-0.8130542913196713,-0.5479181476332697,0.0980203333417832,-0.130677759690701,-0.63570384555782,-0.5861403451479058,-1.6078340064901913,-0.6193438244023577,-0.5914043988633483,0.2998066618464435,-0.8295780762017696,-0.7192104831392836,-0.32653228965603004,-0.11592534286056085,-0.9104375755041458
-0.2373446463434623,0.10856855457647532,-1.2720591311699183,0.07642426084478478,-0.005623913438086535,0.1531721319538872,-0.30365811572888873,-0.08202418553859986,-0.14971259097373796,-0.2865021266039305,-0.9002540950288904,0.04165597450249075,-1.082334762153006,-0.14362019856009176,-0.07250304453195305,-0.6772206212138019,-0.43396892567147494,-0.044891871878918445,-0.5376482276571191,-0.6523917552609948,-0.6215627597828297,0.0919021306682797,-1.3465404069757172,0.025087200355255912,-0.03860788732285175,-0.42267205975918376,-0.4082575108266888,-0.11273282683101683,-0.3580380028221269,-0.43966765837367644,-0.7516883289522149
-0.23765852838995383,-0.5274117694952557,1.7743604232341998,-0.46540807265667444,-0.5173830945869694,0.5254477828536182,0.5895337643070236,0.2567022626533762,-0.09405179542824757,0.47494369133669023,0.9692340219878677,0.0029999510896440004,1.1513204132223505,-0.10515435510628049,-0.12702027152707104,0.7103941534785384,0.785462321737992,0.22596843045034762,0.23319706082692995,-0.19301241890169693,0.8315409330351055,-0.1389650926924462,2.2625774363179616,-0.17844884090585744,-0.20308649142774227,2.083704739885028,1.3597614175901909,0.8251242208840869,0.4724833335173255,0.5090100721597816,2.1149677405523324
-0.2374556937788941,-0.8312059421545201,-1.4336116832974093,-0.7948784185224783,-0.7743911508309783,2.0130847342836447,0.1208597942968529,-0.12352719783609466,0.1641306740503652,0.7548870067560364,0.9360819582319795,-0.5116083605938789,-0.3999703489214051,-0.5007351896374508,-0.5027195137406181,-0.1141402711456435,-0.45496257725009337,-0.39239671030685047,-0.03208726686267046,0.11866087715328368,-0.0044971986923471275,-0.7234127482272562,-0.8092554429740787,-0.6804046367806915,-0.7203725846813611,1.3032493307431472,-0.08940312524826666,-0.2316024474674371,0.25578550149685403,0.7151743327850487,0.49022364678076247
-0.2377128521996571,-0.7062812356404298,-0.5773831570217061,-0.7305512921707069,-0.6691617271438044,0.6500282172098267,-0.8503798584308357,-0.6787911014932609,-0.6067582783402297,-1.7795331421737752,-0.4606289017443015,0.15348232794679767,2.4685607469668662,0.18737600992517323,-0.12844956212244868,-0.13322206659979652,-0.6930905680132801,-0.18367057073718243,0.20954113351702938,-0.8963099869561969,-0.010496447202949096,-0.6214983883653142,-0.0008783694761735832,-0.6435885587290492,-0.59564444880805,-0.2086042903945542,-0.9810498202490039,-0.8143061796484199,-0.6989144506387266,-1.911809331900978,-0.5826232468842741
-0.17718015513820454,0.21929727171396435,-0.5127621361707102,0.1560084620363991,0.07082963567511488,0.17002713189619742,-0.5037160541671143,-0.8063935306066766,-0.2981413790950456,-0.1334664475080217,-0.8858401542654609,-0.45949175759977295,0.03571772713257502,-0.4608446853149798,-0.33447159222759476,-0.6347050418685841,-0.6990887541785996,-0.9033850883549467,-0.4658355911806349,-0.908505898540957,-0.8679604664682655,-0.04329038751592945,-0.405883448723609,-0.09164670566214755,-0.15927264199915692,-0.45389027612485927,-0.593460357539904,-0.9992576057161889,-0.46577217320960956,-0.7972337978956249,-1.107011552281447
-0.2374145728155548,-0.1526376499529856,-0.00964133097366647,-0.12274241882127722,-0.24119112196031212,-0.41476808349353733,0.19057988900910955,0.10293489100458346,-0.02872222319175643,0.12034882513885187,-0.12045989972737493,-0.6213638556410689,-0.571079679828418,-0.5031096244185502,-0.434930302645565,-1.0029502172996034,0.16405023501088545,0.1909947100946458,0.1537807334294063,-0.5954775011987806,0.09620447273561375,-0.24503922234467143,0.0023878005177572774,-0.1874283721379653,-0.30926440879298306,-0.7616126945865154,0.38028656847803166,0.45395989522342756,0.392566402559421,-0.24960998060975825,0.2747373048907765
-0.23735046454694472,-1.3996133567936293,-1.4543827257138013,-1.2760948060386144,-1.1625833411622148,4.922404289543351,2.305422761947566,0.11234395900991606,0.08625782394446772,2.0986149207688967,4.6664098278074375,0.010938241611925121,-0.19795580846731065,0.0715035926075194,-0.4210457654333252,0.9397104672696729,1.2035358974607657,0.12179139109293768,1.6981748449472074,0.7067748357961602,2.8789987461533872,-1.2558632813835244,-1.486985716714747,-1.155721156666939,-1.0311329118784638,2.6054949277113146,0.5546700049021589,-0.3034094019743359,-0.19451566716979957,0.2239235555139038,2.3843256679148155
-0.23739476468778373,0.8723127830376164,1.442023744571933,0.8231962212490028,0.7560904135200082,-0.9467998208029954,0.11698645570172742,0.41008296027455254,0.21273587579431455,-1.3017632171914248,-1.236098914816789,0.3643647413865243,0.9063400936418256,0.1992481838306705,0.36179711209207666,0.37930826393192196,1.063178341192288,0.6646281783160136,0.9445645892175147,-0.5778611844652385,0.0032161208212840003,0.8448204627095646,1.6289404574953608,0.7524292301559998,0.7069342279538805,0.5272536667963629,0.988082852365044,1.121570499287568,0.9028052694445029,-0.6426106024266742,-0.2381889610441635
-0.2437460977174245,2.29191172069773,0.11498492352468445,2.4891038524102624,2.3929298672277364,2.6652999494426215,3.3299208203582285,4.354158041961946,3.4776465778851926,2.7630137226974765,1.1162562177748439,2.7976233579987557,0.6538219180742072,3.412808216570682,2.640903058607083,-0.15431247210175478,3.6783875092716167,2.6953363240758135,2.1915699002679925,1.4791825694976333,0.5594321613042328,2.5128881486131855,0.4122921347560893,2.9673802674092933,2.6078899531618522,1.7090861434969253,2.8178360630196617,3.339823175000684,2.702473080054234,1.8619630325131002,0.8191841793468586
-0.23770785193990032,-0.8283667442792,-1.3343722584190933,-0.8014760725072753,-0.7786228970918566,1.4781216926363938,0.16927652673592017,-0.5443574312252887,-0.032903315814891865,-0.1670596453583426,-0.2775718540487515,-0.2279007601888784,0.2731601907260068,-0.4807899374762153,-0.29261379622010725,1.4375109907841508,0.5773252618014031,-0.36039947678993167,1.321369717082361,-0.5968326024859761,-0.12405365115362803,-0.9147621585802901,-1.5866039015296405,-0.9318315112797141,-0.7947501274613386,0.2195312483347061,-0.47571971615865033,-0.9012022982442683,-0.44640768609288645,-1.2836526003083657,-0.9029872498536947
-0.2375211910085477,-0.7375124122689526,1.2273896396025512,-0.7507566074991476,-0.6872171778568853,-1.5748317751751786,-0.9292022988416372,-0.8873372937210452,-0.9430749162136856,0.44508307102529354,-0.5572023048592771,-0.5288655139031856,1.1079777412965655,-0.4285523722920271,-0.45841150528391167,-0.2858764302330189,-0.11906415199219803,-0.5802874420050366,-0.816450228095234,1.5903008750476706,-0.6515590023358394,-0.8066081440329231,1.0018358186606222,-0.7863631053195654,-0.7196659096905775,-1.6201136446425846,-0.7691166657627474,-0.970583342125934,-1.0298012820855884,0.5557191624576939,-0.9253382268050497
-0.2375946670477515,-0.5046981864926938,-0.9535698141185789,-0.5701458296653281,-0.5199221423434963,-1.2435943850045523,-1.3736679026322742,-1.0060462201992835,-0.9966451654476084,-1.006889591616381,-0.735935170325798,-0.9979149408501389,-0.986603991116924,-1.0003162675807773,-0.6463428001389925,-1.2423095813297658,-1.2251296808771253,-0.9325174532895368,-1.3632400907726525,-0.40711842227859685,-1.0162276082302844,-0.6485368920021561,-0.8353848029255262,-0.7127309492162804,-0.6014745174820151,-1.252184666047126,-1.1404133694482792,-1.0189074817805768,-1.1470640096257443,0.0032633703134222654,-0.9035603518268062
-0.2437216442866078,-0.024873745563575553,-1.4520748321119796,-0.09923827650043736,-0.12495915799485457,-0.23009591021256787,-1.003183066008532,-0.9142755843116553,-0.5720029459104163,-1.6526255058503379,-0.8137704504483152,-0.5085020729982037,-0.2205693764285899,-0.6199318156486436,-0.3418222295752511,-0.09505847569149077,-0.8418455849132053,-0.9613893756257333,-0.8791384354664707,-0.8190692135860493,-0.5380017983851603,-0.16392371143414647,-1.2224259472063417,-0.2772236844590448,-0.2366535534899648,-0.16400683844358954,-0.9294985124009956,-1.0643205286849398,-0.8645883959706899,-1.2868739168806356,-0.7316297598933065
-0.23732516230660142,-0.6040701121289017,-1.322832790409987,-0.6023093928412139,-0.6082245809871569,1.0091129985894884,-0.2860344251210681,-0.654430637753427,-0.5550172571289286,-0.5925734847957491,0.4950153708710492,-0.5285203708369992,-1.3079051025667665,-0.5458494504783405,-0.45167342104856,0.11751942103459759,-0.8292493939660341,-0.5051311493257621,-0.6495069696510778,-0.07918391077726963,-0.641703094068422,-0.5965397696236143,-1.5866039015296405,-0.6208404129410423,-0.589991048881781,0.9063320083795625,-0.5966425370366946,-0.5348412756215705,-0.6335977282212087,-0.19001562402276626,-0.17629394794810382
-0.1740861440998444,-0.6125877057548628,2.0697708042673266,-0.6427200234980961,-0.5949651093697382,-0.6382800392502652,-0.8687782167576813,-0.8366829961032956,-0.6650322567751796,0.1427442903724002,-0.8166532386010009,0.6960472279913971,2.7229633865312572,0.5867559401061028,0.08778168652110915,0.18112540588177364,-0.5881223101201878,-0.6290274139901104,1.7205915052036715e-05,0.03599969863435365,0.06492267693033228,-0.5653414961964891,1.2810933531417161,-0.6112622462934607,-0.5587206805396052,-1.2343456852667403,-1.0163083690734442,-1.0537920765714281,-0.9173028331217692,-0.7972337978956249,-0.9860870359548857
-0.23775291600931325,-0.7261556207676715,-0.19427281911937078,-0.711995390338465,-0.7004766494743039,1.3168999540577695,-0.061187119674039975,-0.23050701214330174,-0.3754915926230512,-0.055082319190604176,0.36817269215287207,-0.33972711363318514,0.8648818857128137,-0.3364243027853681,-0.4092030719287677,0.5235934190326216,-0.1352592546385608,-0.07837734881522875,0.3633046610313836,-0.6171591217939097,0.04649641364776923,-0.6610162013730059,0.6164277593767724,-0.6630442097319496,-0.639811635732027,1.6511094559606714,0.057613567503460965,0.07212156281174285,0.10209909580857647,-0.14974916686939366,0.422597613953586
0.4267157843460521,0.21361887596332352,-0.0927255006392332,0.2228097086324696,0.08098582670122288,-1.0882352551015153,0.22931327496036336,0.024697846083529543,-0.35537008437421197,-0.2678392389093074,0.3292550520916145,0.06063884314272803,1.3397668128996776,0.19354954035603178,-0.0251322705137232,-0.3970195195449264,1.404475133998971,0.798942146916103,0.5812771341011829,1.8098272835733522,2.4153425398340107,-0.01417199898394592,-0.0025114544731393035,-0.01681727872791467,-0.13100564236781162,-1.4305744738509847,-0.03085102250731897,-0.10885136983064396,-0.4780670856646717,-0.07565888570718823,0.4919429527000976
-0.2375558455865843,0.8779911787882567,0.6827267495727241,0.9056668960589662,0.8096925328244667,-0.45727199639153787,0.43460022050200836,0.10809054470613558,0.6755305655176173,1.0908189852592507,-1.1539394524652427,1.4853894203590812,0.8196547497902551,1.5588495394882222,1.02662142331344,-0.08668926715896766,2.0666748866502505,0.5515216784422541,1.6322761902981981,0.9845705996712515,0.9026748796608141,0.8469003476047066,0.28654458998974797,0.9050812611018347,0.7263677902004304,-0.8195893821227691,0.18935579867059343,-0.20685815909005983,0.5785269534422369,0.27063264581181534,-0.501815868675529
-0.17487180219767806,2.218092575939405,0.629645196730834,2.258185962942364,2.316758434531927,0.7379673473436219,1.7534720121421994,2.01349126145727,2.636201687479188,0.030766964204661747,-0.17955705685743345,2.0831772109934623,-0.938738605598883,2.2308145825393697,1.8282492629495193,-1.0036197539822054,0.17124805840926885,0.15639305059379174,0.4866534248615802,-0.6808488822921015,0.027641632614448835,2.358976666372702,0.05138035042672135,2.6141853722797137,2.3729205187262945,-0.10603015090733571,0.8372475442171677,0.985719504274516,1.967852060864267,-0.25444195546816245,0.12286528201618536
-0.1756533165617318,0.02623181619218846,-0.5427647529943869,-0.08810473540109247,-0.07953841479476072,-2.340635033423641,-1.5127207581972755,-1.048322580552011,-1.122861899008509,-1.148727538095516,-1.2807821311834189,-0.9464886239884052,-0.9012377720630949,-0.9590485910852687,-0.6103246771354763,-1.1663171678544555,-1.298307552094024,-0.9945399977926805,-1.3892616108135432,-0.6564570591225812,-1.0072287354643814,-0.29287657493292996,-0.7896584230104936,-0.39575349672286986,-0.3520182457353927,-2.0562767247230185,-1.3147968058724062,-1.1342352729041567,-1.257564535315616,-0.7102582504443403,-1.2835269599998402
-0.23782230232988882,0.5486442252511103,-0.2981280312013292,0.6005253992621016,0.41303684997147394,0.5694173479205147,0.9884876396049377,0.603419974082758,0.7395535463093788,0.6802354559775441,0.36096572177115827,-0.24308705510106807,-0.9654979943530634,-0.3231274680112111,-0.11497339365174529,-0.9343227073329133,0.1994395333862709,-0.1829264490274867,-0.4668494166367733,-0.4301551441609215,0.03664050538035179,0.8094624194921565,0.2898107599836794,0.7494360530786298,0.6663004159838216,0.5718511187473275,2.058568035085415,1.2370438450486616,1.0949132765548502,2.208254564032104,2.275436293023599
-0.1756447281526125,-0.09869289032190141,-0.9212593036930805,-0.14212302740161856,-0.20705503545589374,-0.07840091073177287,-0.5418684393290993,-0.564464480661342,-0.3164336593212633,1.0982841403371,-0.59323715676785,-0.5402552350873278,-0.524910311907473,-0.49076256355683295,-0.4339093807917238,-0.9175842902678671,-0.5965197707516351,-0.6320039008288936,-0.2365420671839547,-0.6672978694201459,-0.9163829723038383,-0.27831738066693823,-0.6116521583412579,-0.2781216375822556,-0.37781188289899537,-0.5921423771728499,-0.5380904342957469,-0.6153815083793083,-0.23401307343168673,0.09023891776470638,-0.8296301972954014
-0.23747021613824945,0.4407547059889419,0.011129711442725213,0.6046489330025995,0.2759282711190168,2.057054299350541,2.547506424142902,2.6141249176880956,1.9593873191091402,2.0874171881521217,1.9292024768322473,0.40025962026988193,0.23735537478731486,0.2913762533373296,0.2156011026220224,0.7877256403190525,2.413370047005721,2.529025121958805,1.858697208835819,4.77343379867006,1.542023363790675,0.21669522437677957,-0.2148125040786493,0.3513435017885114,0.055556555199067194,1.0356646190373593,1.5761496233719545,2.0123648808731502,1.5114034359700823,2.1679881068787314,1.226659682229252
-0.1771882574109586,1.4174387750991007,-0.7458593899546616,1.3963674111782478,1.3998800780082943,-0.6807839521482658,0.2641733223164917,0.39590491259528426,1.2399780696409004,-0.27903697152608103,-1.5690609464520016,2.0555657656985717,-1.0636785685849506,1.9506312783696331,1.6056882988121461,0.8135028025992235,0.3116056146777467,0.44213578711697354,2.7221385556471938,1.5388070261342384,-0.15833507121421048,1.188001470407941,-1.2534545621486857,1.1654876668329648,1.0797052855922467,-0.8641868340737339,-0.3522511516831735,-0.22335435134164477,0.9612061036060483,-0.7344181247363638,-1.208450601522212
-0.1748656676197357,2.03638391191891,-0.939722452507651,2.0148974722529736,2.0459266738357154,0.2836151749856819,0.903274190512179,1.3484119339570435,1.9933586966721155,0.5869210175044287,-0.11757711157468823,-0.21754646820329443,0.20908841483571558,-0.21675278981795512,-0.03268709223214773,-0.8536435370793901,0.08367454039560326,0.10467659176993452,0.2703706608853452,-0.4680979802023973,0.27232526829685566,1.3252738734872913,-0.595321308371603,1.3301124060882772,1.15037278467061,-0.5609241608071743,0.17217202938792375,0.6305661887403948,1.2516734103568932,-0.2721591966156462,0.17559066354245875
-0.23772647173433412,0.25620684409312705,-0.6420041778727028,0.2945591957171375,0.038668364092439844,1.3755260408136334,1.4687816254004844,0.32501467419894214,0.9439044482651227,0.6914331885943177,0.2917788061066993,0.09135657603329385,-0.24506740838664223,-0.032021763848417116,-0.01676071131222561,0.6795954660788531,0.9894006513588571,0.017986412590375495,1.8164544814967105,0.45066069251619745,0.5367207205140969,-0.04329038751592945,-1.1685341423064814,-0.052735403656346116,-0.2142166225325844,0.30426640704153946,0.19953877306032342,-0.3708497173558152,0.41715622746954567,-0.4976513566745328,-0.3327507866075881
-0.17488046777129976,-0.22645679471131144,-0.5127621361707102,-0.2868590616931039,-0.30579578154305415,-1.235533298075621,-0.927652963403587,-0.860656785815513,-0.9012639899823314,-0.6187015275682205,-0.8123290563719728,-0.849158279323916,-1.103629205316544,-0.8678228067954274,-0.5602995062972594,-0.8643561240010197,-0.7710669881624344,-0.6342362659579809,-1.072272184860874,-0.9884568744854955,-0.7102659341895867,-0.33031450304548005,-0.6181844983291196,-0.416107100848981,-0.3892953514992294,-0.4672695117101484,-0.5686393574649371,-0.6600182638835969,-0.6959944089306493,-0.25444195546816245,-0.4456518753105861
-0.2372888641246633,-1.2817866449678401,0.03882443466458106,-1.2942383544968064,-1.0582002667272166,-0.8295476472912688,-1.0566351386212622,-0.8405497363794595,-1.0349282947781921,-0.8799819552929435,-0.04262461960485682,-0.37527684945035666,0.3108494706614722,-0.3843878853635772,-0.457798952171607,0.15534824360160238,-0.8472439524619928,-0.3045903485627478,-0.37425335830944784,0.24739549943686256,0.18105098738555486,-1.1206707631993156,0.01708556549044644,-1.1542245681282544,-0.9180649133530825,-0.5297059444414988,-1.0277642152618907,-0.868161395528594,-1.1787234091975296,-0.5588563715476595,-0.2519434083988429
-0.23782876871519157,0.9574887192972235,-0.9512619205167572,0.9304080985019549,0.8302870312940747,0.16416452322061134,0.20994658198473645,0.1310332036780427,0.7920785223875175,-0.2865021266039305,-0.16658451017034726,0.6760289301526013,-0.7077033195944801,0.8507930877643629,0.41733526094103574,-0.45158675917697744,0.2984096051140436,0.09351476612449793,0.28895746091455304,-0.12932265840350549,0.004501674073555824,0.7678647215893232,-0.974197027667591,0.8152859487807553,0.6062330417672129,-0.2799602135160972,0.15435182420589635,-0.11418837320615666,0.4678727413466773,-0.23028208117613888,-0.25251651037195516
-0.2377795840613494,1.346458828216095,0.49347947422337723,1.285032000184797,1.3237086453124849,-0.4499437355470548,-0.03794708810328758,0.250257695526436,0.7915558858096254,-0.8725168002150941,-1.1582636346942718,1.3266236099134603,-0.7548149195138119,1.2454241483830932,1.1309596367760069,-0.8476177069359735,-0.529939904316588,-0.3298904866924045,0.31599280641158245,-0.8597222522019164,-0.8713886084743239,1.7766088957330337,0.17876098019002723,1.743170842765243,1.7351463395440658,-0.5564644156120777,-0.14859166388857256,-0.01812231244692727,0.9796484722886417,-0.5604670298337943,-1.014742134610469
-0.1764087956226692,-0.15547684782830576,-1.3874538112609833,-0.1878942519211482,-0.25924657267339285,0.016866480246505396,-0.34374717018843615,-0.6406392641017751,-0.6164270550312303,-1.7011490138563576,0.11448733471651977,-0.6703741710394996,-1.4405713679396046,-0.6992379373373657,-0.4749504393161385,-0.9517306610805615,-0.5041477038057138,-0.5594520341335545,-0.8737313663670649,-0.8800487715098501,-0.4270157009390248,-0.20344152444183813,-1.491884971705643,-0.2380130647455071,-0.3138577962330765,-0.030214482590695528,-0.06076350977715087,-0.4683713244901845,-0.5317036412498805,-0.8358895967628628,0.20539196614426491
0.4267157920625024,0.06881978432199197,-0.9212593036930805,0.06322895287519033,-0.0583796834903692,0.2543021316077505,-0.05344044248378926,-0.04786797976581689,0.15942694484933784,-0.3424907896877997,-0.2645993073616653,-0.5654506789189154,-0.8643022777263388,-0.35304534625306416,-0.3973603784242103,-0.42514006021420425,-0.14305689665347612,-0.015499064345934803,0.5238270249199956,-0.7675753646726178,-0.5157188753457818,-0.09736739478961288,-0.9203052227677303,0.028080377432625057,-0.2066198663816604,-0.007915756615213192,0.1053462599553206,0.18371345157246402,0.6876443014809139,-0.33497486977490765,-0.3877685760263081
-0.23756656373597035,0.4152019251110599,0.9296713649676034,0.7324784789580431,0.3179636173104079,1.0750673461898343,4.000008397314919,2.951820235139761,2.3121670091861914,2.5353264928230757,2.6513409090800466,3.0633835189620773,2.36679969114111,3.4460503035060737,1.9977222906871521,1.8024084828021603,2.075072347281698,1.888708390765582,3.11077164716699,0.4289790719210683,0.9900925008152988,0.7345865632670564,1.005101988654553,1.0786855315892545,0.6044663542902539,0.8305163400629223,1.6563405466910783,1.6771040324659399,2.01395798257075,0.6088708859001453,1.0489980705646362
-0.17796181611481288,3.129475093917197,1.324321170879046,3.2602046618834195,3.4339394474037994,0.7379673473436219,3.130443882709272,3.161913123478011,3.535136601453305,0.04942985189928482,0.7458179401547168,1.7011038367254137,0.5200249743033052,2.145809817376009,1.6199812047659228,0.3983900593860747,1.8939271250890477,0.9578121319361532,1.4312008081640424,-1.294709765391694,0.9262433559524642,2.8456697318358533,1.3284528180537145,3.114045944200389,2.9647608235075866,1.1382387585245777,2.2316785997108264,1.8202327593546908,2.636387925608275,-0.8761560539162354,1.2323907019603686
-0.17409733295269522,-0.7289948186429916,2.3351785684767763,-0.7243659915599594,-0.6931416226221148,-0.1949202581590504,-0.37027953956504517,-0.21890679131480945,-0.7591068407957268,-0.06254747426845361,-0.14208081087251825,-0.3138413836692252,2.3140346992314584,-0.3387987375664675,-0.3579527948659415,0.9658223978911452,-0.07047884405310946,0.4164635881324691,-0.4418417220520214,0.615983049554057,-0.6871259756486935,-0.6651759711632895,2.1760239314787917,-0.6471803712218921,-0.6290348421225768,0.3934613109434688,-0.3427046131928016,0.09638066906407354,-0.7193547425952677,-0.024117820550871645,-0.6531147895770086
-0.23734841197118037,0.5969105891315546,-0.801248836398373,0.5056841232306438,0.44858351856285145,-0.1436224322476697,-0.7308873627712178,-0.42951524502321464,-0.0937904771393017,-0.39101429769381946,-0.8757503957310604,-0.6824541783560143,-1.3708462000589936,-0.8155852416112394,-0.40818215007492653,0.13994889990175974,-0.7992584631394363,-0.25510625486797794,0.4190650611190067,-0.9166365062641303,-0.4981496475647332,0.20837568479621307,-1.2616199871335125,0.06399850236105692,0.07834682365183951,0.1615545607984523,-0.7691166657627474,-0.3771570849814211,0.3157231997152821,-0.9647422596536547,-0.6473837698458919
-0.2376618001648564,-0.5387685609965364,-0.7550909643619467,-0.5610740554362322,-0.5560330437696579,-1.1307391679995158,-0.6261135537730764,-0.6463104831734824,-0.8539653796831118,-0.5552477094065029,-1.1395255117018142,-0.5737341125073827,-0.6832052876364275,-0.5586713982962775,-0.4561654772054611,-0.32805724123693575,-0.1940414790586924,-0.38644373662928416,-0.9119187918816188,0.00618747031605143,-0.8598186292038772,-0.6173386185750309,-0.9627654326888326,-0.6289219910499393,-0.59564444880805,-0.9890596995364347,-0.5851866908482484,-0.6313925185058465,-1.0298012820855884,-0.6716024515771024,-1.1769299930010702
-0.23764137472106597,1.4145995772237798,0.7658109192382908,1.445849816064226,1.3744896004430245,-0.8060972125889235,0.7347839616242254,0.2940807519896293,0.48346162314233365,-0.18198995551404148,-1.0602488375029537,0.10792344321022808,-0.23564508840277607,0.46043600975161136,0.27685641385249204,-0.4860678983309728,0.6972889851077945,-0.16729989312387517,0.06422615147049673,-0.8204243148732451,-0.14333694993770577,1.464626161461783,1.0736915585271027,1.7581367281520897,1.4206759686453494,0.01884271455536635,1.9293715475157154,0.5534222308579834,0.8551624836811369,0.4735755898648131,0.49366225861943275
0.44231305293654155,1.8546752478984154,2.7575230976100746,1.783979582785075,2.139025091575038,-0.11284373670084233,0.18283321181885884,0.6201758486128025,0.9731720966270706,-0.17452480043619203,-0.8512466964332314,2.6492118395387183,0.7895033258418828,2.3200933303087097,3.247330639788732,-0.8117974944167742,-0.6343083435931484,-0.3767701544032389,-0.4308586129438531,-0.8854691766586323,-0.6138494402691987,3.36356107072613,3.5396499039449543,3.1828890169798836,4.501778928461987,0.3711625849679865,0.047430593113730976,0.3481901919632659,0.7798561448938807,-0.049888353129029936,-0.08115902041156697
-0.2375279197531587,-0.692085246263829,-0.23812279755397497,-0.719005397697312,-0.6480029958394129,0.2528364794388545,-0.8854335727167204,-0.795695549175956,-0.3676520439546722,-0.7344114312748842,0.03232787236497359,0.8303078807378026,1.7091217562672383,0.6052765313986784,0.17251820038992544,-0.4619645777573061,-0.9180225492127637,-0.7008351589757538,0.42075477021257096,-0.6036081089219542,-0.41715979267160735,-0.6152587336798894,-0.34219313384195577,-0.675316235749164,-0.5834543052170323,-0.80621014653748,-1.1278119386409882,-1.02487522191865,-0.6694066607465774,-1.4833742277890936,-0.8279108913760663
-0.2437036340917431,-0.6949244441391491,-0.37198062645961094,-0.6823059474068782,-0.6711365420655477,0.8112499557884509,-0.14969290657265497,-0.4609647326026827,-0.12593262667965519,-0.8127955595923007,0.5944715621387097,0.11724230599725377,1.3359978849061311,0.13561333169720496,-0.2042019636774627,-0.13020915152808807,-0.43216946982187915,-0.5278268614714835,0.22474851535910834,-0.2512817742511063,-0.6057076030048103,-0.5861403451479058,0.40739287976519273,-0.5729495797031334,-0.5857509989370793,0.13925583482296996,-0.4553537673791902,-0.6590478996335035,-0.217568628023041,-0.6780450847216422,-0.3453590300160446
-0.23740657857310415,0.1994228865867227,0.7750424936455766,0.39847224597769115,0.06829058791858797,0.23744713166544032,2.2783093917816886,2.3808315876928607,1.2514760743545228,0.8407362901513022,0.9130196530104938,-0.522652938711835,-0.6089574061635608,0.2861524968189109,-0.33630925156450886,-0.003666718516337908,2.205832805685665,1.7748577691821263,1.7759014632511665,-0.7065958067488174,0.8795349211199208,0.006626849967471098,0.3404363948896086,0.5309341264306704,-0.09037183039775275,0.45143799847972266,2.8770246016599677,3.0540509033482293,2.0339372153102264,-0.05310966970129939,1.8284167539965004
-0.17795776497843585,-0.6239444972561434,-0.8127883044074792,-0.6385964897575975,-0.6135847929176027,0.07329408874902313,-0.6431562435916279,-0.6067408410140697,-0.7993498572934052,0.9825742366304374,-0.42747683798841535,-0.6120449928540433,0.10732735900995892,-0.6754935895263711,-0.5002693012913992,-0.3370959864520605,-0.43396892567147494,-0.42737043066255237,-0.8115500717238974,-0.06563289790531356,-0.48186597303595663,-0.5507823019304974,-0.09559729930017087,-0.5950990900756662,-0.5581906742965176,0.26412870028567076,-0.36052481837482914,-0.22189880496650483,-0.5968666772617104,0.7731580310859052,-0.24965100050639633
-0.23774318556555818,-1.0469849806788574,0.23499539081939205,-0.9812621435929954,-0.9213738042921514,1.1703347371681116,0.4927002994288891,-0.30706846961135115,-0.4844613191135183,0.39655956301927375,2.1872120164976288,-0.24446762736581262,1.2474280770577875,-0.39056141579443576,-0.4237001622533122,1.6417196789777158,0.7266800973178607,0.5340348182644031,0.6100021886917766,0.3612240075612903,1.3114808138832588,-1.072833410611057,-0.44671057364774563,-1.0488647350048543,-0.9000447010880998,-0.07927167973675617,-0.3312487670043553,-0.6934958305118131,-0.8267815401713737,-0.8310576219044576,0.38190737386265844
-0.23782065100953703,0.721835295645644,0.558100495074374,0.7283549452175445,0.5887953780066194,-0.009515258793632951,0.5566103862484578,0.59568649353043,0.2864276332770764,0.2995125470072332,-0.8771917898074038,0.19697035428625032,-0.5245334191081183,0.06865427087020015,0.09247792704877843,-0.4017062763231395,-0.02189353611402111,0.2006682923206909,0.020293715037824095,1.0414848537334653,-0.45701194349203444,0.7678647215893232,0.5772337194496009,0.7733814696975847,0.6097664167211311,1.093641306573613,0.8054257492492612,1.3025434319299547,1.0165332096538282,3.1633749277101018,0.156678298429774
6.708373905888687,-0.47062781198885134,-0.25427805276672416,-0.5367452063672928,-0.4764762140651458,-1.602679166384214,-1.5175624314411822,-1.1263791775935106,-1.1437934939530807,-1.0740759873170238,-1.5560883997649155,-0.18406759078323948,-0.46234610721460034,-0.25379397240310664,-0.2523894751787655,-0.39936289793403296,-1.2393453820889326,-1.1445958611613842,-1.3877408726293352,0.030579293485571597,-1.1456399689589827,-0.5403828774547889,-0.7357666181106329,-0.6238335900184119,-0.5267436372066459,-1.732499223559015,-1.3599201111368975,-1.3044323105492583,-1.5185240521743113,-1.0726563648246934,-1.626815041893727
-0.17486937151585186,0.611106578508156,0.9504424073839951,0.682996074072065,0.5066995005455802,0.08721778435354133,0.8684141431560508,1.1924534094850912,1.0063595193232082,1.3409016803672,-0.06712831890268683,0.09239200523185231,-0.3317527522382127,0.051558340446284004,0.09880764254259368,-0.44890861244657,0.8286492621282932,1.085056944294133,0.7992496071709815,1.5943661789092567,0.15148326258330272,0.6368319731953973,0.9054838038396597,0.6476680324480738,0.49669841819574984,0.4335990176993363,1.3336675457165077,2.1166790377581717,1.685069074397836,3.10055925455084,0.7188913340523172
-0.23791121126957648,1.8092480818932917,-0.3235148608213634,1.668520638051127,1.8766568234005832,-0.84200569072689,-0.507783059691996,-0.021703037230439683,0.5474846039340947,-0.014023966262433832,-0.8613364549676319,0.4799876685588785,-0.8746668297085918,0.2538601837959582,0.6823665741982009,-0.5861636323799501,-0.736277508403581,-0.48206337632519275,0.2653015336046525,-0.8556569483403299,-0.08548705358547294,1.8036473993698754,-0.3389269638480249,1.5306552702720218,1.8941482124703832,-0.35577588183273734,-0.4477165365868928,-0.14960666833455943,1.0887658203273187,-0.2399460308929481,0.3108427291968117
0.46406341123350603,-0.5274117694952557,-1.5928563418230794,-0.5565381683216842,-0.5424914557348472,-0.45434069205374483,-0.8093224693225067,-0.7605082126628625,-0.5944763187597693,-0.4731310035501612,-0.658099890203281,-0.9934280809897192,-1.3235461537399846,-0.9934778954112111,-0.6473841404299104,-1.1030459513485804,-0.970866569329229,-0.8492130278890936,-1.0290156320656272,-1.2079832830111774,-1.0136565017257406,-0.5632616113013476,-1.0150241525917276,-0.6118608817089344,-0.5634907367273948,-0.11494964129752765,-0.3153378695204021,-0.4528454964886928,-0.12535678461007455,0.3398909521156166,-0.43992085557946925
-0.1756550296136855,-0.17251203508022728,0.6157978351199065,-0.21758369485273496,-0.28153376964735183,-1.221609602471103,-0.43128462243826987,-0.6169232570746352,-0.7264420546774812,-0.6746901906520898,-0.5845887923097919,-0.22928133245362278,1.3529580608770904,-0.12937358987349487,-0.2838338682770732,-0.5155275123654545,-0.07767666745149285,-0.02107997716865323,-0.32288620186509204,0.012962976752028994,-0.30960183723153023,-0.31575530877948826,0.7438083891400783,-0.299373194831578,-0.39282872645314754,-1.3948965122902126,-0.5342718188995982,-0.6168370547544482,-0.818636160669895,-0.7295861498779588,-0.7654427763068952
-0.2377165869615742,1.207338132325403,0.6319530903326557,1.1448318530078598,1.168544615746947,-0.1414239539943257,-0.15046757429168,0.3443483755797627,0.503060494813281,-0.46193327093338754,-0.7748528103870567,0.6608426352404116,0.007450767180975737,0.42861858368487854,0.5653689297480039,-0.3263833995304309,-0.6678981861189379,-0.11186282575153918,-0.4531627729789023,-0.7160815157591864,-0.654130108840383,1.2899158302698825,0.9642748637304164,1.1355558960592718,1.2475405959033594,0.6565862774541597,-0.18741425374941834,0.6019404433626447,0.3495342089667033,0.3382802938294818,-0.4296050200634593
-0.2372798127285295,-1.3811585706040481,0.6388767711381198,-1.378358442802969,-1.119419529301256,-0.28066091003950056,-0.9452766540114075,-0.6267189991075842,-0.9511757831710106,-0.46193327093338754,0.4488907604280759,-0.35594883774393327,1.2832328929964794,-0.35257045929684433,-0.4655579582607998,1.3270374381548449,-0.420772916107772,0.3126586096299069,0.167298406177921,2.3559331023131658,0.3820258124907193,-1.3463382743221868,-0.07110102434568853,-1.3409988177560996,-1.0389063367770834,-0.9578414831707598,-1.107191415501785,-0.9340006098974194,-1.3757493812899015,-0.747303391025443,-0.5539681482286909
-0.24374720888625936,-0.5728389355003793,-0.3073596056086142,-0.6039588063374128,-0.5915797123610355,0.6060586521429292,-0.6640722720053052,-0.8208293609710225,-0.5176487418096558,0.314442857162932,0.5339330109323087,-0.1322961308553198,0.589750142183916,-0.2153281289492954,-0.33120464229530305,-0.516531817389357,-0.8136541099362032,-0.7532957395093067,0.5677594613526682,0.2704322213191872,-0.1386232546793756,-0.7254926331223979,-0.7455651280924255,-0.7639142772392956,-0.6866288538714428,-0.7928309109521903,-1.0397292101698234,-1.080185984173964,-0.8658178872161962,-1.0823203145415026,-0.5637108817715886
-0.23745759202565364,0.560001016752392,-0.7158567731309845,0.5716606630786143,0.36028107991919095,0.18834778400740465,0.7541506545998523,-0.2845124846670605,0.12414897584163255,0.6503748356661473,0.44312518412270446,-0.7935902456679488,-1.3361720625183655,-0.7191831894986012,-0.5257923476374282,-0.8255229964101123,-0.43396892567147494,-0.44820583853403445,0.021983424131388356,-0.1171267468187454,-0.015210142461279053,0.13557971346625425,-1.0362542575522784,0.16277334591424425,-0.039491231061331296,-0.3691551174180265,-0.012394381425933174,-0.2961316700986367,0.15281560968570784,0.4091492584194178,0.34408264363728813
-0.23776358785999788,0.11992534607775598,1.1189186403169502,0.0879701553181791,0.005378626840197312,-0.47559264850274513,-0.36408219781284457,-0.7419478593372748,-0.5134676491865203,-0.48806131370585903,-0.5744990337753925,-0.11158754688415187,-0.16403545652539175,-0.2775383202141014,-0.14090480873931083,-0.7056759302243807,-0.43037001397228314,-0.7570163480577857,-0.544745005850089,0.08749354754778547,-0.35930989631937454,-0.04329038751592945,0.5919314844222902,-0.14253071597742556,-0.1416057672295661,-0.9043245408296019,-0.5113601265227055,-0.8759728277418444,-0.7022955515638689,-0.6071761201317066,-0.6382141382761056
-0.23750134429852546,0.5855537976302739,0.6250294095271915,0.6211430679645924,0.4683316677802835,1.4854499534808767,0.4539669134776353,1.1769864483804346,0.7993954344780045,0.1987329534562694,0.3854694210689883,0.5735214394953203,0.48798908635815974,0.04633458392786513,0.3483209436213732,1.1998254684604928,0.7320784648666482,0.9983667651145736,0.005086333195745124,2.7123247408456,1.0522275746751044,0.2936509654970217,-0.04497166439424107,0.18073240837846039,0.16138113506891633,0.48265621484539817,-0.2886075617473607,0.30064234370869763,-0.16070465791837837,-0.26249524689883696,-0.23303104328615815
-0.23727501309647903,-1.1463569063150651,0.09652177471011361,-1.1424923128464735,-0.9848499982053259,0.2982716966746481,-0.5775031544042529,-1.0770009042668949,-0.9945546191360406,-0.09240809457985032,0.09574921172406316,-0.5533706716024008,1.680854796315639,-0.5771919895888534,-0.48720150156223235,1.98653107051767,-0.18804329289337288,-1.0187983655287631,-0.8022566717092936,0.747427874412027,-0.6228483130351016,-1.1789075402632823,-0.42548046868719475,-1.19074132847216,-0.9479219317136908,-0.2353627615651325,-0.871582845559406,-1.2730458788799928,-1.4267732679784095,-1.025947274526781,-0.9270575327243848
6.786487531687874,1.959725569285264,0.3111558796794946,1.8829443925570313,2.0402843454878776,0.044713871455539754,0.24480662934086478,0.8844031008173503,1.7320404077261513,-0.9770289713049831,-0.869984819425689,0.896920492511726,0.30708054266792567,0.7971308617115148,0.8418345677681902,-0.5051496937851259,-0.2762166295235704,0.010917256348265687,0.47820487939375833,-1.3434934117307342,-0.654130108840383,1.9471594571346509,1.075324643524068,1.8120139155447368,2.0107495859496827,0.22399099352980334,0.33828179912039524,0.812509485632875,1.734248724218085,-1.0162833248099716,-0.5356288850891175
6.78755934662648,3.754098626487648,1.6381947007267432,3.8952288579201375,5.191524727755255,0.891860825077762,1.8193187682593313,3.54343149739287,3.1274800706976005,0.9153878409297945,-0.9247577943267195,7.394928999598035,0.20343502284539597,7.496836040061755,10.240645338600682,0.22564959527479667,1.7025849864153535,1.8228536194575045,2.390955573308584,-0.4382857518840951,0.35417215869149615,4.101920208501423,0.9610086937364855,4.2963508897612686,5.953996034522352,0.17493379638374146,1.0733652628790329,1.993442777996332,2.264466823842643,-0.4155077840816529,-0.5344826811428939
-0.2377802631089707,-0.4024870629811658,-0.6189252418544903,-0.4563362984275785,-0.4465718738216057,0.15243930586943819,-1.0171270849509833,-0.6709287295983939,-0.537770250058495,-0.8426561799036975,-0.8815159720364328,-0.5785661154339885,-0.6121609949580753,-0.6612469808397743,-0.4559612928346929,0.33009731776068596,-1.184222051229646,-0.5843801114083633,-0.5352826349261289,0.31650566508383654,-0.7822569163168096,-0.5944598847284723,-0.9350029877404195,-0.6582551264081588,-0.5811576114969856,-0.09711066051714252,-1.1859185362523854,-0.8177024545237462,-0.8658178872161962,-0.8310576219044576,-1.117327387797457
-0.17564499051192073,-0.17251203508022728,-0.3073596056086142,-0.25552020526531816,-0.24965461448206874,-1.22747221114669,-1.246041395922893,-0.8843727928426528,-0.962673787884633,-0.906109998065416,-1.07322138419004,-0.5053957854025285,-0.06038993670286204,-0.5605709461211571,-0.37653357260585063,-1.0829598508705247,-1.204495920468426,-0.7778517559292677,-1.1466193849777049,-0.9166365062641303,-1.1165007619074876,-0.17016336611957134,0.10037290033568542,-0.26195848136446154,-0.2557337782411228,-1.1942079785108723,-1.1502144822983944,-0.8075136298977673,-0.9729373119809256,-0.908369219638933,-1.2015733778448716
-0.17410830574493927,0.1710309078335205,-0.34890169044139757,0.1419884473187052,0.03951471334461537,-0.32536330119084617,-0.309080789762064,-0.6173099311022516,-0.6956064965818575,0.28831481439045953,-0.5456711522485334,-0.6351695782885141,-1.0853499045478434,-0.6560232243213555,-0.4269671121856039,-0.7297792507980474,-0.818452658868459,-0.5200135835196779,-0.8335162899402337,0.31650566508383654,-0.7544032625175864,0.02326592912860412,-0.4483436586447114,-0.052735403656346116,-0.0960252303240219,-0.40929282417389456,-0.43816999809652085,-0.3223315048511539,-0.4929746670164346,1.1291135123217189,-0.6158631613247506
-0.2374314641251344,-0.3513815012254013,-0.20350439352665578,-0.34046500031957994,-0.3825314470736472,-1.6649693835623178,-0.5010047171505265,-0.6188566272127172,-0.794123491514486,0.21739584115089247,-0.5269330292560758,-0.5823626891620359,0.19024377486798286,-0.22150165938015415,-0.4175746311302652,-1.1204539050962286,0.7062862643557741,0.11025750459265309,-0.1993684671255394,0.828733951643761,-0.011353482704463583,-0.45510759675398027,-0.1429567642121692,-0.33978108537606355,-0.4627895505407272,-1.716444140856668,-0.16004751007701884,-0.5435745538724096,-0.7542415566865066,0.49612480587070196,-0.6376410363029933
-0.24370636571512874,-0.10721048394786191,1.2273896396025512,-0.004397000468979632,-0.18307513997758335,1.4634651709474276,1.2247612939075856,0.6072867143589221,0.48006448538603597,1.7141594342596613,1.4016522448907418,0.24390981128756428,0.6217860301290619,0.0525081143587239,-0.032891276602916075,0.9052293281156772,0.7920603265198435,0.11918696510900241,0.7316612434284085,0.5604238967790387,1.3984699172869866,-0.06408923646734573,1.217403038260063,-0.04974222657897697,-0.16934276061782377,2.1238424466408965,0.8887988520651761,0.3185940823354225,0.5677689050440579,1.2112570849145987,1.9888853064677665
-0.23737074337818057,-0.14128085845170493,-0.3535174776450401,-0.1928424924097456,-0.25304001149077116,0.23964560991878534,-0.489772035224663,-0.5555709780261646,-0.4604200365304895,-0.312630169376403,-0.25450954882726584,-0.5568221022642621,-0.4745951231936265,-0.6170824939113243,-0.40879470318723127,-1.2490049481557843,-1.0298287393343202,-0.5423372348105514,-0.4388002456836055,-0.9965874822086688,-0.9459506971060904,-0.2824771504572215,-0.3193299438844392,-0.35564492388612096,-0.3486615395291705,-0.5297059444414988,-0.7786632042531193,-0.47661942061597695,-0.3747898210421491,-0.6136187532762456,-0.8021213025860419
-0.23735079635430514,2.524725946473989,0.1519112211538245,2.460239116226775,2.8809912693157007,-0.20591264942577456,0.43847355909713387,1.018450097057706,1.3348366085282855,-1.1599252707122896,-1.1251115709383845,3.0599320883002155,-0.8533723865450539,3.215730129739426,2.8491711167906795,-0.40940594817306064,0.4921510182538655,0.30521739253294883,1.6441041539531485,0.24468529686247106,-0.3575958253163456,3.0099806385520456,-0.2638050539876134,3.1080595900456505,3.3534320684385843,-0.5297059444414988,0.6717742103840543,0.5189742999796739,1.7096588993079604,0.014537978316366239,-0.6204479771096437
-0.2437160344272819,-0.5132157801186543,-0.39044377527418095,-0.4864380947332153,-0.558289975108793,0.5840738696094809,0.4810802836435132,-0.38234101365401246,-0.5335891574353596,-0.1371990250469459,0.46618748934419013,-0.49573177954931685,-0.6125378877574299,-0.3544700071217239,-0.4381972525778567,-0.0873588038415696,0.7014877154235182,0.5957969201691534,-0.22302439443544,-0.24721647038951977,1.3509044469529286,-0.44470817227827214,-0.38465334376305815,-0.3721073978116521,-0.5005966625476514,0.4871159600404941,0.6514082616045943,0.2336872104522651,-0.26305980410677127,-0.12881060914964043,1.616369023945184
-0.23733801791270448,1.16758936207092,0.32500324129042213,1.1695730554508486,1.103657839746813,0.7746086515660364,0.3861834880629411,0.8805363605411862,1.183533319228572,0.16513975560594746,-0.4663944780496739,0.48481967148548455,-0.5192569199171531,0.1683805316763775,0.545154677041949,-0.2677989398027688,-0.3949807155968979,-0.09028329617036135,-0.23147293990326162,-0.6252897295170833,-0.4313008784465976,1.1526434271905321,0.11670375030533972,1.0337878754287149,1.0761719106383285,0.7769993977217645,-0.021304484016947043,0.5019929256030424,0.550863400418347,0.2819072538147602,-0.28461022086620785
-0.17408591260633713,-0.5472861546224974,2.4921153334006245,-0.6192158811772562,-0.5512370646739958,-1.4099459061743134,-1.3726995679834928,-1.141768803892644,-1.2861858295997368,-0.4283400730830656,-0.4390079905991582,0.14174746369646912,4.61496523929162,0.009768288298933446,-0.11293154994406293,0.12153664113020866,-1.026409773220088,-1.1740965663422738,-1.9989086517715546,1.5184805068263052,-0.2551800828853557,-0.5965397696236143,2.0519094717094157,-0.6759148711646378,-0.5740908615891493,-1.674968510542271,-1.3035318904537674,-1.3218066824471775,-1.7698013254746452,-0.7891805064649503,-0.9264844307512726
-0.2374065708566539,-0.5103765822433342,-0.34428590323775504,-0.45221276468708055,-0.5444662706565904,0.672012999743275,0.517877000297204,-0.14402092129976438,-0.5547559388399826,-0.01775654380135803,1.207064044584448,-0.7859970982118538,0.49364247834847935,-0.3131548419305932,-0.5151747603574802,1.012355197331974,0.4555620826454162,0.6344912490733343,-0.027018139581977373,0.2257138788417334,0.9742373440372796,-0.7150932086466893,-0.4205812136962982,-0.5403239495598078,-0.6502350918460857,0.5896900995277126,0.03788405462335905,-0.1559140359601654,-0.6371325155520391,-0.5524137384031198,0.5727503309088429
0.4382372239187473,-1.007236210424374,1.3958658725355062,-1.0072404061581337,-0.8852629028659899,0.0249275671754365,-0.6297932254384454,-0.8351362999928298,-0.8641567929520045,0.3032451245461584,0.09286642357137645,-0.5340426598959774,0.5558297902419975,-0.6488999199780571,-0.49046845149452406,0.0713213899350697,-0.900027990716805,-0.7718987822517014,-0.9436853228406283,0.18641594151306165,-0.47672376002686934,-0.8461259570406149,1.5848471625772926,-0.888430443657859,-0.7564130092113265,0.80821761408744,-0.7455685374864965,-0.7759767917697374,-0.8267815401713737,0.8214777796699523,-0.12184926050249531
-0.1764293059474123,-0.3087935330955983,0.7773503872473975,-0.2233566420894324,-0.3706825575431882,0.290943435830165,0.8413007729901729,-0.01976966709235766,0.04706008060257322,0.12781398021670132,1.5068740124637736,-0.7293936353573283,-0.5196338127165078,-0.6517492417153764,-0.5221170289636,-0.577459655506126,0.30320815404629925,-0.2342708469964959,-0.5957742204757319,0.6688319997546839,0.19990576841887545,-0.3677524311580301,0.6000969094071176,-0.2448973720234562,-0.4320491884416392,0.13925583482296996,1.1662849041853196,0.21233919695021403,-0.03929239742463896,1.9795410874009478,1.375666195238285
-0.23766539603066916,-0.7062812356404298,-0.4573726897269985,-0.7322007056669058,-0.6784715689177367,0.11066821905588563,-0.8414711796620474,-0.6508216801623405,-0.43977589170375836,-1.1188669177841182,-0.24441979029286537,-0.5499192409405395,-0.8151177674105565,-0.5325526157041836,-0.4655579582607998,-0.02375281899439355,-0.998758134997965,-0.4381601954531414,0.003396624102180566,-0.16726549444498123,-0.8829585877447704,-0.6880547050098478,-0.6688101332350488,-0.6956698398752752,-0.6401649732274189,0.023302459750462322,-0.9734125894567065,-0.5838446702512784,-0.08078772696047405,-0.5266432058249615,-0.7236063322697431
-0.23742519836753795,-0.5472861546224974,-0.28889645679404335,-0.5783928971463246,-0.5492622497522525,-0.6873793869083009,-0.7669094117058839,-0.7278987030005452,-0.5929084090260934,0.5607929747319562,-0.9622340403116356,-0.24239676896869589,1.098555421312699,-0.3725157114580797,-0.3036397522415918,-0.36421222209743565,-0.1352592546385608,-0.408023266210462,-0.18247137618989617,0.7555584821352005,-0.6275620082934317,-0.4613472514394055,0.5543705294920843,-0.5585823297317606,-0.4834597940211483,-0.34685639144254415,-0.49290348544131984,-0.6537108962579908,-0.3048625064539828,0.8955680608321577,-0.8387998288651884
-0.23735679203614313,-0.4393966353603285,-0.23119911674851082,-0.40190565305300296,-0.4942495483608345,0.8332347383218992,0.5527370476533323,-0.10844691075905456,0.039743168512086154,-0.6522947254185425,0.8495983136514063,-0.5937524103461783,-1.06443235418366,-0.5543974156902985,-0.4545320022393153,-0.4258095968968062,-0.020094080264425104,-0.19334415296322766,-0.25512886721316247,-0.3542694720779695,-0.0722030033119972,-0.40311047437543845,-0.5446956734656738,-0.37031149156523047,-0.44194263831260994,0.9598489507207191,0.8098808005447681,0.4161156894697918,0.392566402559421,0.5331699464518052,1.1292323468002692
-0.17408892973838175,-0.3002759394696373,0.361929538919563,-0.266241392990613,-0.34952382623879663,-0.694707647752784,0.0782530697504736,0.2567022626533762,-0.3689586353994021,-0.9471683509935864,-0.3525243460185839,-0.30797395154406104,-0.7719635418844486,-0.26186705065884497,-0.2707660685479064,0.10680683411296797,0.38598312312770916,0.5429642787807525,0.11998655155811982,-0.622579526942692,-0.21489941431417148,-0.31575530877948826,-0.004144539470104444,-0.20239425752481188,-0.3440681520890769,0.14817532521316315,0.6234050820328366,0.8634536087627694,0.0452351257039136,-0.5411391304001758,-0.10637550722848078
-0.2373797484756129,-0.9419346592920087,-0.8197119852129433,-0.9082755963861779,-0.8516910491963554,0.3275847400525795,0.03951968379921978,-0.48248958680666293,-0.8756547976656268,0.16887233314487166,0.8250946143535762,-0.8843628720749015,-1.2438333266764752,-0.741977763397156,-0.6342755038265899,-0.8375746566969458,0.33439872210596094,-0.14832478952663264,-0.868324297267659,-1.0955098761739452,0.4030231822778258,-0.9106023887900068,-1.0019594726160035,-0.8046214854915182,-0.7963401461906017,0.06344016650633102,0.8455212109088232,0.3108311683346768,-0.5455354177618257,-0.5121472812497472,1.3985902741627514
-0.23758579312997327,-0.7602259952715145,-0.978956643738613,-0.765601328964941,-0.7179678673526009,0.37155430511947707,-0.5186284077583472,-0.5839270733847014,-0.5207845612770073,0.2509890390012134,-0.13919802271983253,-0.5116083605938789,-0.3016013282898404,-0.5591462852524975,-0.4500399460824141,-0.10510152593051844,-0.7842629977261375,-0.39090846688745895,-0.29906130364583516,-0.46538777762800626,-0.4060183311519181,-0.7629305612349478,-0.701471833174358,-0.8016283084141491,-0.6926355912931036,0.31764564262682865,-0.6284643320046011,-0.44653812886308686,-0.2931823396216737,-0.3784626435005497,-0.3155577274142377
-0.23767901556534618,-1.2190403719232632,-0.2565859463685458,-1.1478529067091217,-1.0110868250227716,0.055706262722264914,0.47527027575082464,0.5428410430895205,-0.31512706787653344,-0.5477825543286535,2.668637637996161,0.09204686216566603,2.0030981397638685,0.12754025344146686,-0.2691325935817605,1.9697926534526236,3.7623621155860913,3.279471866187006,2.157775718396706,2.51990035806383,6.080026344310265,-1.0520345616596405,-0.17888463414540925,-1.0353954381566928,-0.8721310389521463,-0.0748119345416602,0.24217997831731788,0.36953820546531696,-0.24676904510381395,-0.45899555780729495,1.8685338921143166
-0.23745770777240727,1.8291224670205333,-0.4204463920978576,1.7468677791205924,1.902047300965853,-0.12969873664315254,0.05307636888215873,0.8264019966748886,1.0502609918661303,-0.9135751531432655,-1.1337599353964418,0.7222781010215433,-1.0186398790620697,0.5962536792305004,0.7423967792040611,-0.25608204785723626,-0.3841839804993225,-0.1766014144950725,0.08281295149970423,-1.008783393793429,-0.8658178777144792,1.8826830253852593,-0.3781210037751958,1.770109436461567,1.8764813377007925,1.0891815613785172,0.3090057477499214,0.6960657756216877,1.4760555626617784,-0.338196186347178,-0.7476766151404333
-0.17563535266556854,-0.8340451400298403,0.181913837977502,-0.7717866295756886,-0.7523860702744111,-1.1747087330664134,0.25642664512624097,0.05356950681222165,0.17406076903031178,2.908584246715537,-0.04550740775754253,0.2836012638989693,1.3322289569125845,0.006444079605394145,-0.12211984662863344,2.933925476399292,3.4348611509596427,1.8392242970708121,3.8931069574872765,1.8938435633794777,1.193638432425007,-0.9272414679511402,-0.5153001435202954,-0.8797502301334882,-0.7883900525442857,-1.2923223728029942,-0.46235456227212973,-0.5717151171251132,-0.33836614289402733,0.09023891776470638,-0.77403930590357
-0.23737994138686896,-0.7318340165183123,-0.22889122314668997,-0.6621006320784374,-0.7109149569178037,1.5587325619257049,0.8413007729901729,0.17292289000315375,0.16778913009560872,0.5271997768816352,1.4275973382649143,0.01956681826657843,1.021292397444995,0.07767712303837816,-0.2615777718633359,2.5489418839032267,0.402178225774072,0.6716973345581236,1.1118457894803835,-0.28922461029258256,0.6365653564405434,-0.6152587336798894,-0.013943049451897607,-0.5843236525971367,-0.6285048358794889,2.0614060139095454,0.19635659356353277,0.2239835679513328,0.40639817907136616,-0.3849052766450895,0.5217442553019046
-0.1740864373249536,-1.2863293615683526,-0.15734652149022993,-1.2760948060386144,-1.0486083085358924,-0.4961117788672974,-0.818812148880564,-0.7617971260882506,-0.8905499401355468,1.5760540653194506,0.21394352598418218,-0.09260467824391459,0.2863514387034199,-0.13982110291033262,-0.36612016969667077,0.1757691124209587,-0.3278010305453186,-0.164323406285092,-0.32896915460192383,-0.08189411335166065,0.07777820945305051,-1.0769931804013404,0.021984820481343023,-1.1009460161510807,-0.8809644763369417,-0.3736148626131231,-0.6539217679789262,-0.7022291087626521,-0.7616185041595439,0.4429730824282506,0.09421018336060209
-0.23743178821604458,-0.643818882383385,-1.9067298716707763,-0.6719971130556328,-0.6152774914219541,-0.5503409091164712,-1.015577749512933,-0.8058779652365214,-0.8168581826527848,-0.8015978269755271,-1.0429521085868385,-0.5254140832413242,-0.28841008031242765,-0.5767171026326335,-0.4433018618470625,-0.2681337081440698,-0.7986586445229044,-0.6621408300715729,-1.0134703084048353,-1.2527016254886314,-0.8032542861039164,-0.5237437982936555,-0.8729457578557319,-0.5992895379839832,-0.5200302247942014,0.2507494647003816,-0.632919383300108,-0.5872409451266047,-0.7130535999620482,-0.7070369338720704,-0.6290445067063185
-0.2376374933465943,0.9489711256712624,0.03420864746093856,0.9345316322424528,0.8204129566853586,-0.47998960500943516,0.28935002318480685,0.1935455048093624,0.6705655180276441,-1.1561926931733644,-1.1150218124039841,-0.025301780337618776,-0.6969618748128723,0.10664522736779157,0.0014116976861469105,-0.2965890171546485,0.020093767043215992,-0.1646954671399399,0.27375007907247406,-0.5778611844652385,-0.46001156774733526,0.8531400022901318,0.05791269041458307,0.9529720943397436,0.6274332914907219,0.28196768106605713,0.5413048510156383,0.3802122122163424,1.210178080821058,0.04675114403906433,-0.2823178129737613
-0.2377764357496507,-0.11288887969850224,-0.7804777939819812,-0.08274414153844446,-0.2163648772298259,0.3275847400525795,0.4481569055849473,-0.13783413685790186,0.038436577067356294,-0.573910597101126,0.43447681966464635,-0.4339511707019991,-1.0883650469426804,-0.43045192011690664,-0.3534607387090403,-0.7562259497608206,-0.28221481568888995,-0.5196415226648299,-0.44336246023622905,-1.0846690658763807,-0.2577511893898994,0.052384317660587654,-0.7553636380742187,0.0789643877479035,-0.12623558618002223,0.41576003691895114,0.6189500307373298,0.026514443057361094,0.3556816651942346,-0.4992620149606676,1.1120392876069187
-0.24374723203561008,1.721232947758365,0.8904371737366417,1.6479029693486362,1.7017446446176132,-0.3993787357201231,0.512066992404516,0.7464893643008301,0.9828408733180715,1.042295477253231,-0.8872815483418043,1.2189389732633875,0.5859812141903694,0.8028295051861538,0.9639368214875931,-0.3213618744109172,0.5677281639368918,0.4004649713740097,0.14533218796158467,0.8626114838236502,0.2911800493301758,1.6434962624439666,0.9969365636697255,1.4498394891830497,1.5302105922168123,-0.5698436511973675,0.6170407230392553,0.6664696659938443,0.647685836001962,1.2724620997877254,0.004806275555182835
-0.17641631144520487,1.5906298454936343,0.5511768142689097,1.536567558355185,1.6058250627043718,-0.17586677996339517,0.4985103073215771,0.49772907320093923,0.9849314196296391,1.0385628997143066,-0.9852963455331223,1.9012868151133706,-0.022700656767396608,1.7207859915592056,1.709822327903945,-0.05756442146578696,0.3799849369623899,0.10802513946356555,0.8938733164105844,-0.16726549444498123,0.1343425525530115,1.9575588816103595,0.5151764895649135,1.874870634169493,1.9877826487492147,0.15709481560335634,0.4235642096343845,0.4330970638464233,1.0272912580520077,0.2754646206702204,-0.05995424740643564
-0.23753192459083428,-0.354220699100722,-0.7273962411400912,-0.3833497512207611,-0.41497483507371424,0.31292821836361434,-0.49248337224125077,-0.3484425905663071,-0.40554319585183707,-0.32009532445425243,0.29610298833572635,-0.6731353155689886,-0.8186982490044258,-0.7752198503325485,-0.46943746130539615,0.5855255621732928,-0.31940356991387137,-0.30533447027244354,-0.08615795785672899,0.8192482426333919,0.42616314081871903,-0.5362231076645056,-0.9072405427920068,-0.5642693661787622,-0.5272736434497337,0.7368616909658958,-0.3191564849165508,-0.23451354021771686,-0.1468728814064334,0.7747686893720408,0.7016982748589667
0.40645701588085525,-0.7886179740247167,0.2788453692539963,-0.6126182271924593,-0.774955383665762,3.390797773046427,3.467424340485179,1.9696682049940772,1.462882570111808,2.9160494017933853,5.015227194282423,0.3146641398557212,-0.07923457667059475,0.27617987073829303,-0.2742372028509663,0.7144113735741494,2.9526069832679496,0.9321399329516488,1.155778225913056,5.342576339292197,2.346779699712846,-0.29287657493292996,0.1656963002143038,-0.263155752195409,-0.5585440117919093,3.4796049859502203,3.878138271350303,2.01090933449801,2.187623620998504,6.0222933855995535,5.123753099388573
-0.17642510048203044,3.950003279884743,-0.16196230869387243,3.961205397768108,5.185882399407417,1.3168999540577695,0.9052108598097421,2.984043070774462,2.881840879088394,-0.62616668264607,-1.0660144138083252,8.520095395364825,0.5237939022968517,9.078209604273997,9.901699283125415,2.16730597482017,0.14185694619920314,1.2030002352809148,0.3785120428734626,3.743556820401427,0.319033703129399,2.4525714866540773,-1.145670952348965,2.419628862250708,2.8534595124591644,-0.7839114205619977,-0.6704691013622375,0.23126129982703203,0.6814968452533832,-2.0148914622136114,-1.6245226340012806
0.4378120475104163,-0.12708486907510358,1.0612213002714177,-0.16067892923385985,-0.19972000860370462,-1.1578537331241021,-0.7124890044443721,-0.536366167987883,-0.6736557603103965,-0.15959449028049316,-1.2043882451372452,0.10447201254836676,-0.26579651235114843,-0.016350494293160496,-0.014923051975311597,-0.8787511626769597,0.0788759914633476,0.08012057534997355,-0.2973715945522706,0.7826605078791117,-0.2761774526724624,-0.2720777259815133,0.13956694026285632,-0.2891963927685222,-0.31421113372846843,-1.6990511345957917,-0.717565357914739,-0.6624441745088299,-0.8313921323420219,-0.38007330178668536,-1.1683334634043954
-0.23738121460115888,0.09437256519987398,-1.1982065359116365,0.05869306576064237,-0.04681291037730177,1.0017847377450053,-0.24091003048785745,-0.2530629970875924,0.4110764571043013,-0.6187015275682205,-0.20694354430794917,-0.33972711363318514,-0.8984110760679349,-0.34212294626000683,-0.30547741157850583,-0.28219397847870853,-0.7704671695459024,-0.5732182857629264,-0.07939912148247164,0.2528159045856446,-0.0722030033119972,-0.10776681926532103,-1.3971660418816465,-0.13654436182268728,-0.2366535534899648,0.13033634443277678,-0.6946536655378465,-0.6556516247581773,-0.12689364866695738,-0.47188082409637455,-0.31498462544112626
0.42024786346970583,1.3691724112186563,1.2504685756207645,1.2190554603368267,1.1713657799208659,-0.4352872138580896,0.30484337756530827,0.7503561045769945,0.8751777382723342,0.5122694667259364,-0.9161094298686623,0.5006962525300465,-1.0071446486817528,0.09097395781253516,0.3468916530259956,-1.0391051981601034,-0.41597436717551634,0.20624920514340944,0.02874226050564571,-0.07647370820287813,-0.16904801498314243,1.7142123488787835,0.8042325340278007,1.354057822707232,1.305841282643009,-0.30671868468667607,0.40510756855299873,1.4704164471960828,1.2363047697880654,1.7025078621857446,0.5320600908179145
-0.23775324010022342,-1.0526633764294977,0.02728496665547439,-1.031981608601123,-0.9160135923617054,0.26822582721226873,-0.36950487184602016,-0.7557392329889268,-0.9723425645756337,1.4976699370020339,0.31195832317550026,-0.17060701120198046,0.6330928141097014,-0.2666159202210438,-0.3579527948659415,0.20723733650324588,-0.1898427487429687,-0.10256130438034185,-0.5433932385752377,0.9344318520450152,-0.12019699139681256,-0.9937977845956737,-0.3552578138176798,-1.0009739017669455,-0.8498707767424618,-0.4405110405395701,-0.6895621783429813,-0.9342917191724474,-1.2775437680550918,-0.11753600114669556,-0.4628449345039357
0.4357702747763982,0.22781486533992484,-0.8450988148329776,0.20672792704452672,0.06688000583162854,-0.9174867774250629,0.09180975483341254,-0.30333062067772587,-0.29840269738399167,0.24352388392336394,-0.5154018766453329,-0.595823268743295,-1.3218501361428887,-0.27896298108276113,-0.42431271536561693,-0.9564174178587745,0.4027780443906041,0.18169318872344847,-0.04729464870474943,-0.8529467457659387,-0.22604087583386073,0.019106159338320865,-1.0084918126038658,0.19569829376530695,-0.13365567358325026,-0.810669891732576,0.6730470821827708,0.32878290696140133,0.3495342089667033,0.08862825947857167,0.0013676637165125887
-0.23728414937356548,-0.870954712409003,0.7542714512291849,-0.8637414319887978,-0.7966783478049374,-0.04175960650935839,-0.44387297287242733,-0.5199969674854549,-0.6963904514486954,0.799677937223132,0.4142973025958454,-0.4294643108415794,0.5068337263258924,-0.41288110273677064,-0.465762142631568,-1.1653128628305527,0.3092063402116188,0.10765307860871781,-0.2686465399616769,1.20816231205852,0.424877587566447,-0.8939633096288734,0.4531192596802259,-0.893818162397124,-0.7901567400212449,-1.0291974062923028,-0.5011771521329755,-0.562981838874274,-0.7842104057957207,0.4349197909975761,-0.18775598741033667
-0.23788139490584162,0.4691466847421441,1.1027633851042011,0.4644487858256622,0.34391832771046166,-0.8955019948916146,-0.09023715913748033,0.13915335825798722,0.1155254723064158,0.11661624759992767,-1.3355551060844504,-0.003902910234078647,-0.2262227684189095,0.018791140467111462,-0.08332481618266938,0.9350237104914599,0.3541927364515158,0.705182811494434,1.366991862608598,1.3016643008750142,-0.3126014614868312,0.10854120982941272,0.3551341598622978,0.12984839806318194,-0.012990918906945077,-0.8329686177080583,-0.4108032544241214,-0.1952137880889412,-0.05005044582281849,-0.1449171920109895,-1.1878189304901923
-0.23775712919114536,-0.7375124122689526,-1.4613064065192651,-0.7462207203845997,-0.7001945330569119,-0.468997213742711,-0.5734361488793712,-0.6009407305998236,-0.4107695616307563,-0.730678853735959,0.457539124886134,-0.5968586979418534,-1.2417604162800246,-0.6593474330148947,-0.5086408604928967,-0.2754986116526903,-0.7230814988398779,-0.5441975390847908,-0.8357129117618673,-0.500620411095091,-0.5058629670783643,-0.6776552805341393,-1.3596050869514407,-0.7393702252048674,-0.6560651605200506,0.5049549408208804,-0.4572630750772647,-0.38928663810758646,-0.47130488381438757,-0.20451154859798057,0.2271698411225085
-0.23775533897468923,-0.16683363932958692,1.3404764260917954,-0.18088424456230123,-0.22031450707331224,-0.09892004109632413,-0.38248055613968995,-0.030080974495462074,-0.113128030521303,-0.7717372066641304,-0.5672920633936777,0.17971320097694368,0.17328359889702363,-0.0011541116941239285,0.050620131041290914,-0.3695685155582506,-0.6283101574278287,-0.18925148355990087,-0.32254826004637943,-0.7526692505134667,-0.5898524462267911,0.1397394832565375,1.5979118425530172,0.028080377432625057,0.04000970540182736,-0.2353627615651325,-0.39871097233631686,0.21573547182554048,0.049845717874562066,-0.3994012012203038,-0.5516757403362443
-0.23744051552126821,2.1045246609265953,0.717345153600044,2.1427270182084164,2.1051711214880116,1.500106475169842,2.011049028718037,2.4800779214477404,2.795605843736226,1.2923781723611802,0.4921325827183625,0.758518122971087,-0.5222720623119902,0.6147742705230764,0.8234579743990492,-0.5895113157929591,0.7140839063706894,0.5812865468300856,0.17743666073930717,0.03328949605996263,0.1270577507901379,2.061553126367443,0.5315073395345677,1.925754644484771,2.1149841470902686,0.8215968496727292,2.003198111841258,2.100182845506587,1.952483420295439,1.4963436015604765,0.9802258337912361
-0.17563643296860243,-0.6409796845080649,0.3665453261232063,-0.6006599793450144,-0.6200734705176162,-0.7460054736641637,-0.07280713545941618,-0.2944371180425483,-0.2955281962055861,-0.8501213349815469,0.7227556349332291,-0.4494826086803751,0.36172999857435034,0.15888279255197965,-0.3828632880996658,-0.08601973047636571,1.571824528011387,0.45813440387543297,0.7603862980190023,-0.20114302662487046,1.8355580230594115,-0.6402173524215893,0.2947100149745754,-0.4628006632559424,-0.5967044612942255,-0.8998647956345053,0.1549882601052544,-0.17435095671193682,0.005276660224961553,-0.6989836424413959,0.9292197581842978
-0.23781382195107292,-0.2037432117087496,0.3803926877341338,-0.16645187647055731,-0.28661186516040565,0.3935390876529254,0.39974017314588006,0.22834616729483947,0.13512434397736314,-0.35742109984349857,0.22259189044223832,-0.6607101651862879,-1.1432029492487827,-0.6261053460795023,-0.4520817897900965,-0.5386265279152183,-0.17784637641232962,-0.0396830199110479,0.13350422430663422,-0.8719181637866767,-0.23332567759673434,-0.16392371143414647,0.0873082203599614,-0.010830924573175957,-0.25343708452107605,1.3032493307431472,1.053635749998931,1.118659406537288,1.7004377149666638,-0.14813850858325892,1.3470110965827018
-0.23773981347680245,0.19090529296076167,-0.5773831570217061,0.2557979785564548,0.061237677483790796,1.4634651709474276,1.1627878763855795,1.0364948850131388,1.0455572626651028,1.2737152846665571,0.7256384230859159,0.07651542418729008,-0.4695070704023388,0.05963141870202213,0.010599994370717411,0.003028648309680639,0.016494855344024194,-0.053821332395267776,0.14871160614871348,-0.5670203741676739,0.06535119468108944,0.518278534172322,0.3077746949502994,0.5818181367459484,0.37303029480861416,2.498461043028999,1.2159269043352539,0.960490033772092,1.3454221178267423,1.1049536380296954,1.3126249781960015
-0.23775664305478011,0.06314138857135164,0.13806385954289696,0.0842589749517312,-0.05160888947296398,0.09454604519802341,0.17895987322373336,0.0682631198616453,0.2396516595557488,0.23605872884551554,0.18079146222829404,-0.39667571955389697,1.2304679010868278,-0.23147428546077184,-0.28199620894015914,0.3444923564366257,0.21563463603263366,0.06151753260757914,0.4072370974640563,-0.7567345543750534,0.3087492771112244,0.0024670801771871035,0.8777213588912465,0.05501897112894907,-0.10150196150259509,0.5049549408208804,0.29054910666853556,0.22786502495170585,0.6353909235468997,-0.2914870960492656,0.5693117190701726
-0.23758972080314641,1.4770619304808246,0.9989081730222427,1.5118263559121963,1.3942377496604565,0.47414995694223744,0.9865509703073747,1.4992148047274438,1.035888485974102,0.6055839051990518,-0.381352227545442,0.4137201998511411,1.1381291652449377,0.5573129488204693,0.4032465393580276,1.216563885525539,0.4297698821345421,0.28252168038722736,0.6353478250952413,0.2243587775545379,0.09320484848031277,1.1089658443925567,0.8238295539913865,1.114603656517687,0.9419036623894383,0.6476667870639676,0.25363582450576433,0.3559531059640117,0.6338540594900172,0.03386587774998474,-0.42731261217101274
-0.23770686423426934,-1.266171056653579,-1.662093149877718,-1.2864036403898598,-1.0503010070402437,-0.27333264919501743,-1.2363580494350797,-1.141768803892644,-1.2861858295997368,0.32564058977970567,0.22691607267126737,-0.7097204805847187,-1.3229808145409527,-0.7813933807634071,-0.5799012058910098,-0.3133274342196948,-1.1815828493169054,-1.1740965663422738,-1.9989086517715546,0.34767299468933427,-0.2191845918217441,-1.1851471949487076,-1.859329096022873,-1.2311492190166458,-0.9556953566123109,-0.3736148626131231,-1.1768175028915642,-1.3218066824471775,-1.7698013254746452,0.331837660684942,-0.11955685261004874
-0.23765984018649494,-0.405326260856486,0.5165584102415905,-0.4295333291143408,-0.4327481693694033,-0.6404785175036103,-0.7523843919741637,-0.7406589459118867,-0.537770250058495,-0.45446811585553815,0.03232787236497359,1.1274760607240621,1.036368109419181,1.070665748494173,0.26521790471870277,-0.8051021275907557,-0.44716493523517803,-0.3644921461932584,0.9699102256209793,1.8328640054556773,0.9185300364388332,-0.534143222769364,-0.32422919887533574,-0.5573850589008127,-0.5376970995637922,-1.6901316442055985,-1.0639137743454323,-1.0701912323980036,-1.0362561111244961,-1.159631912275978,-0.8531273781929801
-0.23781386053332412,0.22497566746460468,1.3912500853318637,0.12796843260101187,0.10722265351866823,-0.17293547562560213,-1.037074778715879,-0.8326873644845926,-0.5286241099453863,-0.9359706183768127,-1.0962836894115267,2.794171927336894,1.8655322679994202,2.475856251948834,1.3341230856903978,-0.031117722503013746,-0.8646386923414195,-0.49768993222880414,1.2402636805912728,-1.669801801687427,-0.8473916144319161,-0.27623749577179657,-0.04660474939120679,-0.36282854887180715,-0.3269312835625739,-1.6905776187251087,-1.308750664828504,-1.2054600088609997,-1.3242644353843285,-2.1485760999628085,-1.6365577754366256
6.55413904174278,1.8120872797686114,0.6850346431745458,1.7427442453800934,1.775094913139504,-0.390584822706744,0.5798504178192102,0.9720492137437368,1.2122783310126282,-0.1894551105918909,-1.7881528460561245,1.5727106161041726,0.5313317582839447,1.978174721830387,1.45050817702829,0.38432978905143567,0.6451047654695146,0.8681454659178112,2.6731369919338284,1.5659090518781495,-0.5855672687192183,1.4396675427200827,0.3845296898076761,1.5156893848851751,1.3641419693826586,-0.6233605935385247,0.22308690133657402,0.5514815023577969,1.1809776637402856,0.016148636602500963,-1.4296679631433145
-0.23772843942914582,1.363494015468016,-0.060414990213734844,1.2767849327038012,1.3462779587038358,-1.0303419944300996,-0.47602168321196786,0.053182832784605207,0.18425218229920443,0.4861414239534639,-1.7593249645292663,0.9842416882568175,0.2712757267292337,1.1172046702037224,0.828358399297487,-0.8529740003967884,0.1172643829213929,0.32902928724321406,0.30078542456950347,0.012962976752028994,-0.4480130707261315,1.2483181323670491,0.039948755447963044,1.2133785000708737,1.1556728471014872,-1.3235405891686696,-0.19441504864235787,0.23417239257731165,0.10209909580857647,-0.093376126854672,-1.0422510293198293
-0.23733771697114506,1.6161826263715162,0.2511506460321412,1.5695558282791708,1.56068643592167,0.5474325653870664,0.506256984511828,0.6768880393298763,1.1783069534496529,-0.05134974165167998,-0.11037014119297445,0.35711673699661556,-0.6112187629596886,0.37543124458825056,0.3887494490334833,-0.631692126796876,-0.13945798495428455,-0.03856683734650426,-0.00843133955276958,-1.3055505756892585,-0.1459080564422494,1.541581902582025,-0.04170549440031021,1.5815392805872999,1.346475094613068,0.44251850808952947,0.4706604661868861,0.7086805108728995,0.7091603982772731,-0.5636883464060637,0.444948590904941
-0.23769967250264387,-0.12992406695042374,-0.291204350395865,-0.17799777094395222,-0.21382582947329895,-1.230403515484483,-0.7959594511693242,-0.7704328460383504,-0.9388938235905504,-1.2793677519578774,-0.9867377396094646,-0.5330072306974191,-0.83038192578442,-0.6128085113053453,-0.39184740041346805,-1.3852556630652615,-0.5659290213085053,-0.5118282447130241,-1.014146192042261,-0.9369630255720639,-0.7522606737638001,-0.20344152444183813,-0.494070038559744,-0.3134411270952137,-0.27905405293698277,-1.5460818744039828,-0.47444684435993406,-0.562981838874274,-0.8447628496369022,-0.8842093453469099,-0.771173796038012
-0.23737104431974,-0.2065824095840698,-1.1797433870970662,-0.210986040867938,-0.32300488300395935,0.7965934340994847,0.20607324338961125,-0.3960034959631256,0.08991627998971126,-0.1371990250469459,0.5396985872376802,-0.8477777070591715,-1.177311747590379,-0.8364802676849146,-0.5680585123864523,-0.845609096888168,-0.6499036276229793,-0.6777673859751845,-0.513485387619149,-0.43693065059689956,-0.4047327778996463,-0.3095156540940634,-1.1701672273034467,-0.3807876113360233,-0.39512542017319424,0.335484623407215,-0.04485261229319766,-0.42519011536103596,0.28191219046386135,0.5283379715934,0.5538379657961573
-0.2372660542977481,1.9086200075295001,1.3658632557118295,2.084997545841442,1.9359012710528796,1.0017847377450053,2.299612754054878,2.9492424082889857,2.565645749463777,1.2438546643551605,0.8856331655599792,1.9251016866802135,-0.3242148962511196,2.7992542691345803,1.5954790802737346,-0.19314559969266218,1.0643779784253518,1.7447208399394474,2.4348880097412566,0.049550711506309714,1.0633690361947936,1.6580554567099584,0.6409240343312542,2.1382702169779924,1.652112028126989,0.39792105613856477,1.0288147499239644,1.8799101607354247,2.136907107121372,0.04836180232519905,0.8673247450882381
-0.23739502704709195,-0.9163818784141267,-0.45506479612517764,-0.8538449510116018,-0.8161443806049775,-0.5188293874851947,0.12473313289197813,0.0771566224968227,-0.34204285163796766,-1.219646511335083,0.5411399813140225,-0.5074666437996452,0.33534750261952456,-0.027272894286218083,-0.4596366115085211,0.5319626275651443,1.2611184846478334,1.2182547303296782,0.9884970256501874,-0.6835590848664927,0.533292578508039,-0.8232472231940565,0.22612044510202617,-0.5244601110497503,-0.7198425784382735,0.32656513301702184,0.9626254163907189,0.996878693150588,0.620022282978072,-0.578184270981278,0.6718969722571606
-0.17640638037374348,-0.2633663670904746,-0.496606880957961,-0.3252079254797371,-0.3227227665865674,-0.8632576471758903,-1.0636071480924878,-0.6836889725097355,-0.6443881119484485,-1.1935184685626106,-0.8512466964332314,-0.3856311414359406,-0.579182875014543,-0.38913675492577604,-0.3263042173968655,-0.3160055809501022,-0.8586405061761,-0.33361109524088345,-0.46853912573033757,-0.729632528631142,-0.5294314433700147,-0.24503922234467143,-0.30789834890568085,-0.2640537053186198,-0.30926440879298306,-0.18630556441907187,-0.8009384607306538,-0.4552714071139259,-0.2824242912234942,-0.6329466527098649,-0.4221546944130074
-0.23778805672371509,-1.5841612186894443,-1.703635234710502,-1.5709274684842331,-1.2308555141710513,0.09454604519802341,-1.009767741620245,-0.8761237469201694,-1.0823836960507793,-0.4955264687837085,1.3295825410735962,-0.8577868559785693,-1.1654396244107073,-0.8630739372332286,-0.6603090110995397,1.0491797148750757,-0.8880316183861658,-0.4370440128885976,-1.0286776902469144,0.09426905398376305,-0.4043042601488889,-1.4166383837779757,-1.6470280464173626,-1.4295968592462314,-1.0758301050455283,1.8517979897400125,-0.8467618454844389,-0.7551139603927329,-1.0906610987381462,0.517063363590456,0.38190737386265844
-0.24372301781475086,-1.4757038598522116,-1.1012750046351418,-1.4876320869261703,-1.16935413517962,-1.9185272087814262,-1.427313642174761,-1.0943239007041101,-1.195456119677698,-0.10360582719662499,0.8193290380482049,-0.7932451026017626,0.2015505588486225,-0.8165350155236791,-0.6303551639078399,0.13827505819525487,-1.2279488283748254,-1.0371409656727644,-1.4122416544860181,0.9222359404602551,-0.6764130318797615,-1.3767045937912554,-0.8843773528344903,-1.3996650884725381,-1.0571032177897621,-1.4791856964775358,-1.3023226622449868,-1.250387873640316,-1.5563309079736276,0.14822261606556278,-0.3184232372797965
-0.23741047538047633,-1.0555025743048179,-0.9674171757295064,-1.0286827816087245,-0.9230665027965026,0.14144691460271402,-0.06893379686429069,-0.3252421489093224,-0.706581864717588,0.4077572956360474,0.9375233523083238,-0.26517621133698055,-0.13388403257701942,-0.142195537691432,-0.40614030636724424,0.12990584966273178,0.7986583313016954,0.7840597127221874,0.13688364249376306,0.19048124537464867,0.47072898689747605,-0.8710845757823147,-0.6394146032896705,-0.7857644699040917,-0.7834433276088004,0.041141440530848686,0.2714560296877917,0.10414358306481931,-0.33898088851678043,0.19493170636347518,0.7372305971918905
-0.23773983662615317,-1.489899849228813,-0.7874014747874449,-1.3894919839023139,-1.1724574157709309,-0.1179735192919804,0.3765001415751277,0.05215170204429482,-0.6830632187124512,-1.9064407784972115,1.2949890832413657,-0.3148768128677837,-0.4129731504991407,0.19782352296201075,-0.4843429203714771,3.8076708471947103,2.533933588928644,2.2723031321137594,1.9009399361749273,0.49266883241926024,0.8011161727313386,-1.4359813133027932,-1.3743028519241298,-1.3266315677847267,-1.0844868736826279,-0.6189008483434282,-0.439442869895237,-0.5726854813752064,-1.1787234091975296,-2.0084488290690716,-0.3654175990749531
-0.23767141486185786,1.9568863714099434,1.7074315087813823,2.072626944619947,1.8343393607918002,1.3095716932132864,3.4538676554022407,2.063758885047404,2.6231357730318896,2.162068738930614,1.6337166911819507,0.7778461346775106,-0.8200173738021669,0.7363453313153686,0.833054639825156,-0.9115584601244505,1.3336965372482001,0.266523063628768,0.6488654978437561,-0.30142052187734264,0.6699897409996112,2.1551479466488184,1.305589628096198,2.0604476129663905,2.129117646905941,0.7725396525266685,3.1914239359428827,1.9677281253688617,2.6917150316560545,1.9312213388169006,2.567718299310547
-0.23742490514242875,-1.3629877042019987,0.5788715374907657,-1.3478442931232824,-1.1058779412664455,-1.2120828633732759,-0.858513869480599,-0.660359639510212,-1.1521818110282462,-2.022150682203874,0.6622170837268263,-0.9865252196659966,-0.03023851275448969,-0.8022884068370824,-0.6913450354563108,-0.4890808134026813,0.08307472177907133,0.21555072651460677,-1.1324258285917643,-0.09409002493642074,0.36488510246042805,-1.321379655580487,0.40902596476215786,-1.2287546773547502,-1.0297195618968964,-1.0336571514873993,-0.434351382700372,-0.41548647286010365,-1.3757493812899015,-0.8423322299074021,0.4850657290227579
-0.23748977733961277,-0.845401931531121,0.15883490195928865,-0.845185530156556,-0.7715699866570594,0.672012999743275,-0.7179116784775478,-1.0772457978177188,-1.088028171092012,0.4637459587199166,-0.34099319340784007,-0.3687191311928203,1.447181260715754,-0.42950214620446686,-0.42962150900559093,1.9798357036916516,-0.8586405061761,-1.0514281024989234,-1.15963014499815,3.011802125315821,-0.7578314045236447,-0.9022828492094399,0.04811418043279049,-0.9204574383857109,-0.7910400837597245,0.473736724455205,-1.0199360536997857,-1.2570348687534547,-1.4590474131729478,0.6330307601921689,-1.0531399668089507
-0.17873910186413403,-1.3326082869360723,-1.5536221505921173,-1.323515444054343,-1.0914900039794593,0.45216517440878917,-0.7734940873175968,-0.7607659953479401,-0.7436890617479149,-0.002826233645660197,0.9231094115448943,-0.438783173628605,-0.41693052489236454,-0.4532464940154615,-0.509661782346738,0.8804564708594089,-0.6618999999536184,-0.4355557694692061,0.4021679701833635,0.008897672890442456,-0.3271710650125786,-1.2662627058592326,-1.6045678364962603,-1.2730536980998162,-1.0051626059671652,0.027762204945558294,-0.9046775123260286,-0.8915956921683453,-0.8127960772537405,-0.7231435167334195,-0.3361893984462584
0.4186027162781236,-0.43087904173436803,1.0773765554841668,-0.40190565305300296,-0.4564459484303217,1.1703347371681116,0.413296858228819,0.31212553994506176,0.509854770325876,0.3331057448575551,0.46907027749687685,0.07271885045924266,-0.03777636874158278,0.030188427416388885,-0.0857750286318881,0.26950424798521805,0.06747943774924048,-0.06795964487948777,0.1808160789264357,-0.5223020316902202,-0.05591932878322063,0.16053833220795452,1.3039565430992328,0.12386204390844323,0.007855993321172003,2.378047922761394,0.9492602625041983,0.6305661887403948,0.8674573961361991,0.7796006642304449,1.1177703073380356
-0.23734656773957255,-0.22645679471131144,0.3111558796794946,-0.15655539549336192,-0.2936647755952028,1.053082563656386,0.8141874028242956,0.7207110957930694,0.8493072276666837,1.1206796055706483,1.528494923608917,-0.04773607963971738,-0.5039927615432896,0.10901966214889097,-0.14274246807622484,-0.5228924158740746,-0.16225109238249877,0.11025750459265309,0.2551632790432663,-0.42744494158653046,0.11720184252272027,0.019106159338320865,0.6817511592553908,0.16875970006898297,-0.06970158691733162,1.142698503719675,0.818790903135782,1.155533248040831,1.3823068551919293,1.1049536380296954,1.5647898463651342
-0.23770512803296492,-0.36841668847732284,-0.7504751771583041,-0.3586085487777723,-0.41920658133459254,-0.693241995583887,-0.1892009602429338,-0.5109745735077386,-0.479234953334599,-0.1409316025858701,-0.04262461960485682,-0.6562233053258683,-0.8043763226289488,-0.5577216243838378,-0.49046845149452406,-0.5530215665911583,-0.5833237611879319,-0.6122846755219552,-0.7174332752123641,0.11324047200450116,-0.7903987535811979,-0.3823116254240218,-0.5985874783655338,-0.31403976251068744,-0.4240990947953234,-0.025754737395598318,-0.01366725322464929,-0.3077760410997555,-0.2144948999092756,1.0469699397288388,-0.13846921772273352
-0.23742930351906666,-0.5274117694952557,-0.9743408565349706,-0.583341137634922,-0.5407987572304959,-0.689577865161646,-1.1455282593793896,-0.8699369624783069,-0.7494380641047261,-0.9135751531432655,-0.8022392978375723,-0.07293152347130512,-0.54695854066972,-0.1241498333550762,-0.2146153665866426,0.24305754902244484,-1.0115342715300955,-0.6878130290560777,-0.258508285400291,1.286758186715863,-0.9853743301757601,-0.6526966617924393,-1.4102307218573698,-0.7049486888151201,-0.6196713984946935,-1.2031274689010647,-1.206093554262038,-1.083048558711739,-1.0331823830107305,-0.9679635762259245,-1.367199848074143
-0.24372340363726297,-0.7772611825234355,-0.23350701035033247,-0.777147223438336,-0.7269955927091413,-0.5642646047209883,-0.5407064377505618,-0.7107561544428843,-0.8936857596028984,-1.5107875593712028,-0.031093466994113986,-0.2644859252046084,-0.2620275843576019,-0.1844604767950024,-0.36203648228130614,-0.10844920934352786,0.0698787122153682,-0.3477494077251033,-0.6797527624258795,-0.17133079830656825,-0.13733770142710378,-0.756690906549523,-0.6328822633018087,-0.7474518033137644,-0.6961689662470217,-0.7749919301718045,-0.49672210083746854,-0.7269733971400295,-0.9231429165379238,-1.112922821978066,-0.41355816481633256
-0.23775342529502924,-0.5728389355003793,0.3111558796794946,-0.6274629486582527,-0.5701388646392522,-1.1798385156575504,-1.248752732939481,-0.8346207346226746,-0.82365245816538,-0.2865021266039305,-0.8469225142042023,-0.7318096368206312,0.7028179819903123,-0.7980144242311034,-0.5304885881650976,-0.6347050418685841,-1.1550708664661928,-0.7763635125098761,-0.8504133808758771,-0.7770610736829868,-0.9425225551000322,-0.6194185034701726,1.2010721882904092,-0.6908807565514844,-0.5937010925833952,-0.8686465792688304,-1.0712964307779864,-0.7662731492688052,-0.6277576448050541,-0.3301428949165035,-0.8491156643811985
-0.23779656796833193,-0.6409796845080649,-0.21504386153576246,-0.6897283081397753,-0.6296654287089403,-0.9980976467143751,-1.1106682120232612,-0.8875950764061229,-0.933667457811631,0.19500037591734415,-0.22279887914772106,-0.611354706721671,-1.064997693382692,-0.6379775199849996,-0.47352114872076084,0.07835152510238921,-1.0181922581736003,-0.686324785636686,-0.6471413769200878,-0.03311046701262032,-0.4698674760147527,-0.6693357409535727,-0.678608643216842,-0.718118667955545,-0.630094854608752,-0.7749919301718045,-1.0684961128208108,-0.8752935727667791,-0.8021917152612492,-0.18357299087822646,-0.5453716186320161
-0.23736343589980144,1.4884187219821063,-0.08118603263012653,1.4705910185072146,1.428091719747483,0.9285021293001764,0.7735173475754793,1.7660198837827674,1.8339545404150774,0.02703438666573651,-0.21559190876600628,0.557299715384572,0.39565035051626923,0.36450884459519295,0.5529136831311418,-0.5650732268779914,0.17844588180765245,0.409394431890359,-0.011810757739898403,-0.4111837261401834,-0.22304125157855975,1.5894192551702835,0.8009663640338698,1.3839895934809252,1.5125437174472216,0.875113792013887,0.7354178003198671,1.5582344118295197,1.396138631703874,0.5911536447526615,0.37216464031975993
-0.23789219793618033,-0.34002470972412063,0.611182047916264,-0.20356368013504103,-0.39776573361280937,2.2769021246850283,1.7108652875958208,1.254321253903717,1.1579241269118676,1.9941027496790065,1.6207441444948636,-0.33869168443462666,-0.36944203217367816,-0.21722767677417495,-0.33365485474452183,-0.4167708516816811,0.5797245362675313,0.14783565093229017,0.07267469693831835,0.1660894222051285,0.007501298328856808,-0.17224325101471297,0.8564912539306956,-0.04375587242423826,-0.2553804407457311,1.7180056338871184,1.8020843676440899,1.293324971554069,1.396138631703874,2.382205658934674,1.3527421163138185
-0.2374171886921868,-0.7460300058949131,-0.030412373390058155,-0.7519936676212972,-0.7083759091612768,-0.7892422126466133,-0.5352837637173863,-0.4347997900673055,-0.9130233129848998,0.8034105147620562,0.0034999908381165095,-0.40737515460566703,0.4559531984130139,-0.3122050680181535,-0.4157369717933511,0.10111577231085205,-0.29301155078646535,0.4804580551663067,-0.5121336203442977,-0.206563431773653,-0.16819097948162792,-0.6755753956389976,0.2440843800686462,-0.6355069806201518,-0.641931660704378,-0.30671868468667607,-0.40252958773246555,-0.07974044232784712,-0.745635117967963,0.21909158065549875,-0.04333429018619744
0.461982284603254,-0.8908290975362446,-0.47352794493974765,-0.8736379129659932,-0.830250201474572,1.6979695179708807,0.04339302239434527,-0.6180832791574844,-0.17087937237836104,0.5160020442648606,2.4668424673081533,-0.7818553814176202,-0.31667704026402654,-0.7339046851414178,-0.5790844684079368,1.8894482515404012,-0.11246614721034635,-0.5043870276160664,0.17236753345861408,0.2704322213191872,1.9632563127850806,-0.9625995111685486,-0.7749606580378043,-0.9453008081278761,-0.8352072706837015,1.5351560808881626,-0.3427046131928016,-0.7124179333886311,-0.3076288617563718,-0.191626282308901,1.9029200105010167
0.44530394905031867,-0.40816545873180615,-1.3389880456227363,-0.4183997880149953,-0.4420580111433354,-0.6075013437034369,-0.49151503759246956,-0.6195010839254113,-0.6203468293654197,-0.8015978269755271,-0.17955705685743345,-0.268972785065028,-1.0150593974682003,-0.24572089414736853,-0.31609499885845393,-0.1613426072690743,0.13945767173307522,-0.0069416646844332255,-0.19260963075128207,-0.39221230811944574,0.28303821206578755,-0.44262828738313054,-1.4837195467208162,-0.4675897465797332,-0.4682662817193004,-0.5520046704169812,-0.230055459006413,-0.46351950323971836,-0.477144967230542,-0.5395284721140402,-0.06110045135265852
-0.1756549755985338,-0.37693428210328384,-0.6835462627054861,-0.41468860764854737,-0.41920658133459254,-0.14508808441656676,-0.8263651591410583,-0.6390925679913094,-0.8641567929520045,0.7250263864446396,-0.7143142591806547,-0.5865044059562696,0.03948665512612156,-0.6256304591232824,-0.457798952171607,-0.48807650837877836,-0.21443531202077892,-0.2108310131410787,-0.9293227955453316,0.7758850014431341,-0.6746989608767324,-0.5029449493422389,-0.3013660089178192,-0.5505007516228635,-0.5058967249785288,-0.2755004683210012,-0.4846298187496642,-0.35532388935432363,-0.8814939005964005,1.1355561454662586,-0.7436649013286516
6.7877468563673595,-0.2917583458436768,-0.21965964873940497,-0.336341466579082,-0.34839536056922915,-1.5806943838507648,-0.8699402183362189,-0.5154857704965967,-0.5362023403248193,-1.3502867251974446,-1.0314209559760956,-0.697640473268204,-0.9668171191508046,-0.772845415551449,-0.48536384222531825,-0.3370959864520605,-0.625311064345169,-0.592193389360169,-0.5689078458880591,-1.2567669293502177,-0.8825300699940131,-0.2949564598280716,-0.2605388839936825,-0.3759985280122325,-0.3467181833045155,-0.1595470932484923,-0.384709382550438,-0.41160501585973075,-0.163778386032144,-1.0694350482524235,-0.8221798716449494
-0.23739650088908817,-0.04474813069081723,-0.7366278155473762,-0.10954711085168278,-0.13991132811662446,-0.8537309080780621,-0.8891132443820895,-0.6862667993605115,-0.5168647869428178,-0.37981656507704586,-0.5283744233324191,-0.052568082566323275,-0.2865256163156542,-0.1042045811938406,-0.1617316145576704,0.33478407453889897,-0.7440751504184964,-0.5758227117468617,-0.47039780573325846,-0.02091455542786023,-0.3863065146170832,-0.13688520779730456,-0.6377815182927054,-0.193414726292704,-0.23647688474226886,-0.5475449252218851,-0.8384881787927833,-0.7798582487701103,-0.624376543879912,-0.2802124880463207,-0.6450913619534453
-0.1740946630609115,-1.2613444202655342,2.083618165878254,-1.2682600919316678,-1.0435302130228385,-1.2010904721065516,-1.1348765782427948,-0.9431472450403472,-1.013630854229096,-0.7269462761970348,-0.45053914320990096,-0.781165095285248,0.9214158056160118,-0.7695212068579097,-0.5999112742262964,-0.1298743831867871,-0.7590706158317952,-0.6346083268128289,-0.9675102210598854,-0.6049632102091497,-0.6271334905426744,-1.1747477704729992,1.8673708670523188,-1.186251562856106,-0.9433285442735972,-0.9266232668050842,-0.9294985124009956,-0.9729607345386624,-1.0219632753954861,-0.9309184356448218,-0.6582727073350141
-0.23783316709182947,0.8354032106584537,-0.639696284270882,0.9716434359069366,0.7106696703199147,1.6393434312150168,2.3770795259573854,1.7312192212972903,2.3748833985332234,4.569581251536988,1.655337602327094,2.2143315761441924,-0.4184380960897832,2.0954718000167003,1.4443826459052433,0.3525267966278478,0.7578706653775223,0.214434543950063,2.0513240455021533,0.389681134592397,1.590874387377005,1.2337589381010574,-0.6671770482380837,1.3390919373203856,1.019637911375638,1.013365893061877,0.8779794417760877,0.5476000453574239,2.1492020195764345,1.8796802736605842,1.2782388598093015
-0.2375247174263083,-0.4933413949914127,0.16575858276475283,-0.4950975155882612,-0.5345921960478743,-0.8588606906692002,-0.06699712756672795,-0.2614409343526146,-0.4763604521561934,-0.12973386996909647,-0.022445102536056864,-0.13885384911285617,-0.2978324002962938,-0.13507223334813356,-0.25198110643722904,-0.1492909469822408,0.4999486602687808,0.5790541817009983,0.3717532064992055,0.9750848906608824,0.39402430951192285,-0.5944598847284723,-0.3944518537448507,-0.5846229703048738,-0.5875176864140383,-1.1942079785108723,-0.26187725397431943,-0.3980199163584255,-0.5979424821015283,-0.34463881949171693,-0.34134731620426295
-0.2375092845258244,-1.1208041254371832,-0.6904699435109504,-1.0686810588915567,-0.9495854460313401,0.7233108256546558,0.1208597942968529,-0.2748456339766502,-0.2500588139289884,-0.2715718164482316,1.4621907960971428,-0.12677384179634155,0.5143715823129855,-0.601411224356068,-0.36714109155051194,1.1763916845694278,1.0373861406814138,0.3156350964686899,0.6100021886917766,0.9466277636297753,1.6560090854921117,-1.0478747918693572,-0.7961907629983552,-1.08149036514818,-0.8717777014567545,0.37562233016308244,-0.1333172023039776,-0.40093100910870527,-0.272280988448068,-0.46865950752410507,0.7693243076861432
-0.23752599835704846,1.5139715028599883,-0.0627228838155565,1.5283204908741892,1.5691499284434265,1.3755260408136334,1.149231191302641,1.6899739916848733,1.4890143990064044,-0.08867551704092612,0.4142973025958454,2.438674569165178,-0.06981225668672818,2.0769512087241244,1.8854208867646245,-0.3079711407588801,0.4003787699244764,0.9235825332901472,0.9293572073754358,-0.18488181117852384,0.4523027236149128,1.9991565795131927,0.12323609029320144,1.898816050788447,2.065516897735414,0.7903786333070536,0.9842642369688953,1.647993104963143,1.2731895071532522,0.1111774754844605,0.8994184555824917
-0.23776065560890594,0.24485005259184636,0.1519112211538245,0.3242486386487243,0.12640656990131674,0.5620890870760326,0.9768676238195613,1.049384019267019,1.0173348874589387,0.1464768679113244,0.028003690135944528,0.24977724341272844,-0.440297878452353,0.40012536631168494,0.13229387934858375,0.7612789413562789,0.707485901588838,0.6367236142024215,1.1287428804160267,-0.7079509080360129,-0.09062926659456025,0.39764521025410526,-0.20501399409685672,0.4740637619606532,0.24936217142147848,1.0401243642324554,1.0396341602130523,1.202595914170352,1.4806661548324267,-0.10465073485761686,-0.0719893888417807
-0.23751358258860916,-1.590123534227617,-0.1319596918701949,-1.5812363028354786,-1.2401653559449837,0.818578216632933,-0.8984092570103904,-1.141768803892644,-1.2861858295997368,1.2961107499001043,1.577502322204577,-0.23342304924785648,2.975481562098876,-0.30460687671863523,-0.466578880114641,4.6111148663169335,-0.679294739833045,-1.1740965663422738,-1.9989086517715546,5.590559874848986,1.3234793109044622,-1.5320719954583384,-0.49733620855367483,-1.5268751142607342,-1.1373108292437044,0.13033634443277678,-1.1409861617577015,-1.3218066824471775,-1.7698013254746452,0.39143201727193316,-0.13961542166895718
0.4647594350453293,-0.14695925420234526,-0.6558515394836312,-0.1928424924097456,-0.2406268891255282,-0.2535463449149132,-0.6257262199135637,-0.9159511717646597,-0.7949074463813239,-0.6896205008077886,-0.15793614571229014,-0.6893570396797369,-1.3529437920896477,-0.7077859025493238,-0.4780132048776619,-1.0538350051773442,-1.0872913627980816,-0.910751893280935,-1.1410433449689426,-1.309615879550845,-0.8718171262250812,-0.09736739478961288,-0.8631472478739394,-0.181442017983227,-0.19513639778142639,-0.23982250676022848,-0.6399201781930473,-0.7366770396409618,-0.4321148503638766,-0.14974916686939366,-0.331031480688253
-0.23737757243664467,-0.08449690094530007,-0.5889226250308127,-0.14294773414971804,-0.1732010653688673,-2.048237425728774,-1.0006653959217005,-0.8551144580863445,-0.9362806407010906,-0.010291388723509633,-1.0501590789685533,-0.8591674282433138,-1.1718468019997363,-0.6987630503811458,-0.5437605722650326,-1.2279145426538258,-0.7320787780878573,-0.8056074957009205,-1.1824412177612686,-0.9545793423056063,-0.7012670614236838,-0.24503922234467143,-0.6018536483594648,-0.193414726292704,-0.29142086527569633,-1.691915542283637,-0.3586155106767548,-0.6503146213826645,-0.8135645092821818,-0.35430276920852616,-0.3791720464296325
-0.17873671748100928,0.32434759310081257,-1.1335855150606402,0.414966380939684,0.12302117289261397,0.8112499557884509,2.1040091550010462,1.5353043806383089,1.263235397357091,2.6323735088351152,1.1061664592404432,0.11862287826199834,-0.9204593048301822,0.2472117664088796,0.08676076466726791,-0.06258594658530095,1.6749933300548834,1.2242077040072448,1.8063162269353243,2.2380392903271518,0.2838952475673022,0.3643670519318385,-1.0460527675340716,0.521954595198562,0.17145125368758296,0.3221053878219258,2.1540334199891347,1.7372666159717198,1.9079143626458388,2.8476859036276605,0.9091611891253901
-0.23751561973147303,-0.7091204335157504,-0.014257118177308976,-0.7466330737586497,-0.682985431596007,-0.5928448220144716,-1.0134474132856142,-0.9377338086537176,-0.9861924338897697,0.44881564856421774,-0.1968537857735487,-0.8432908471987518,0.4371085584452812,-0.8331560589913753,-0.5999112742262964,-0.3052929940284726,-0.9744054991667676,-0.7864091555907693,-0.7083088461071166,0.4452402873674154,-0.887243765252343,-0.7712501008155147,0.17386172519913123,-0.8004310375832012,-0.7080057723426476,-0.42267205975918376,-0.9435001021868743,-0.9377850304727829,-0.8874876704182433,0.9471091259884752,-0.8032675065322648
0.4462985917700548,-0.567160539749739,-0.9143356228876164,-0.594887032108317,-0.5723957959783873,-0.6961732999216801,-0.7632297400405148,-0.8847594668702693,-0.8440352847031651,-0.6634924580353161,-0.19541239169720634,-0.5071215007334592,-0.7363471723454337,-0.42950214620446686,-0.4420767556224531,-0.526574867628385,-0.6702974605850658,-0.7830606078971383,-1.1300602358607743,-0.9315426204232816,-0.7141225939464022,-0.534143222769364,-0.6704432182320146,-0.495426293399268,-0.5313370246467395,-0.2755004683210012,-0.4082575108266888,-0.7555991425177796,-0.9159196554705747,-0.3832946183589548,-0.228446227501265
-0.2372914028367929,-1.117964927561863,-0.5981541994380986,-1.0963087349528944,-0.9591774042226642,-0.546676778694229,-0.4686623398812298,-0.5800603331085373,-0.6490918411494758,-0.5477825543286535,0.6478031429633987,-1.0010212284458142,-0.32986828824143966,-0.8902849598246283,-0.6806457744280554,1.102742649483224,0.32900035455717336,-0.20190155262472922,-0.1452977761314806,0.34767299468933427,0.9249578027001926,-1.1414696121507324,-0.5626596084322938,-1.094959661996342,-0.9300783881964042,0.6387472966737745,-0.20587089483080415,-0.45672695348906583,-0.48913250687422766,-0.33497486977490765,0.6415225676822423
6.787559338910031,0.8183680234065317,1.8412893376870174,0.7737138163630247,0.7620148582852379,0.20153865352747383,0.11892312499929016,0.15616701547310932,0.3943520866117599,-0.08494293950200192,0.023679507906917464,1.810859331772604,-0.08677243265768783,1.5137352786473326,1.5219727067971711,0.5905470872928065,-0.1898427487429687,-0.16171898030115675,0.4646872066452436,0.03328949605996263,0.2937511558347195,1.3814307656561164,1.4705312127897108,1.3301124060882772,1.350008469566986,1.2586518787921825,-0.07985658675789473,-0.041411054449164576,0.620022282978072,0.17882512350212612,0.4013928409484547
-0.2375113602509395,-0.5018589886173737,-0.5012226681616035,-0.5705581830393781,-0.5176652110043611,-1.514007210165971,-1.361854219917142,-0.9687966222055693,-0.8422060566805433,-1.2831003294968018,-1.0141242270599804,-0.0919143921115422,1.8881458359606993,-0.17876183332036372,-0.19399274513905113,0.12756247127362527,-0.873635971589399,-0.803561160999257,-0.10643446697950104,1.9141700826874108,-0.33017068926787957,-0.710933438856406,-0.8615141628769737,-0.7752883501332988,-0.6500584230983898,-2.1267406988055426,-1.3354173290116096,-1.21327144107425,-1.3345614245654431,-1.6073949158214813,-1.3912701309448332
-0.23733598848629084,-0.37409508422796317,-0.21965964873940497,-0.32933145922023505,-0.473090817056443,1.87384777823847,1.1860279079563318,-0.519868076142916,0.09958505668071199,-0.3984794527716689,1.4247145501122276,0.13173831477707126,-0.05473654471254201,0.14843527951514213,-0.12844956212244868,-0.5700947519975055,-0.12386270092445348,-0.6513510652809841,0.10308946062247629,-0.2770286987078225,-0.18533168951191917,-0.26375818640094645,-0.18215080413934012,-0.2499857730549841,-0.3695084517572876,0.6164485706982922,0.24918077321025722,-0.7172697546390973,-0.0853983191311223,-0.5105366229636125,0.3056848114388064
-0.23732726889751746,-0.0731401094440194,-1.385145917659162,-0.08769238202704245,-0.18787111907324525,2.093695603572956,-0.14155889552289158,0.16003375574927353,0.44243465177781716,0.5981187501212023,0.27736486534326976,0.4889613882797181,2.707887674557071,0.5829568444563437,0.08328963036420808,1.0257459309840111,0.4267707890518822,0.5980292852982407,2.8218313921674896,-0.41389392871457487,0.7698343769260572,-0.3531932368920387,-1.6502942164112933,-0.39335895506097446,-0.4073155637642121,0.339944368602311,-0.767207358064673,-0.5654077494995071,-0.20988430773862712,-1.1902344197125412,-0.6342024244643238
-0.23775107177770544,-0.5217333737446154,-0.14580705348112324,-0.5536516947033352,-0.5475695512479012,-0.839807212473545,-0.7109396690063221,-0.8011089855625857,-0.7841933965345393,-0.7978652494366019,-0.2862202185068096,-0.9820383598055769,-0.572210358226482,-0.9569115997822791,-0.6418303255450145,-1.1780340597999879,-0.8928301673184215,-0.7399015487347825,-1.059768337568498,-1.0426609259733182,-1.0179416792333134,-0.6298179279458811,0.3273717149138846,-0.6615476211932649,-0.6002378362481436,-0.5966021223679459,-0.3859822543491543,-0.38200890623188727,-0.4723806886542055,0.13533734977648407,-0.6731733586359171
-0.17488523653754928,-0.3258287203475193,-0.13426758547201656,-0.30294084328104676,-0.41977081416937645,0.8772043033887967,0.4946369687264516,0.09597475850748807,0.17798054336450136,0.818340824917754,0.3407862047023573,-0.32385053258862306,0.587865678187143,-0.1298484768297149,-0.38980555670578565,0.2782082248590421,0.8376465413762724,0.7278785236401554,1.170985607755135,1.1376970451243507,0.8499671963176683,-0.44262828738313054,-0.10376272428499772,-0.40233848629308233,-0.5170268560833708,0.11249736365239166,0.056340695704744495,-0.07343307470224131,0.16357365808388735,0.3447229269740216,-0.024421925073512672
0.42483915136366185,0.5571618188770713,0.5465610270652673,0.5675371293381164,0.4203718768236627,0.3349130008970626,0.45590358277519777,0.20256789878707873,0.1805937262539609,1.2849130172833307,-0.5384641818668195,0.09929486655557478,0.12617199897769163,-0.009227189949862264,0.06164608706277543,-0.7026630151526723,-0.34999431935700115,-0.34849352943479905,-0.43913818750231837,-0.6578121604097767,-0.58213912671316,0.6555509372516723,1.0116343286424148,0.6596407407575504,0.5143652929653407,0.34440411379740815,0.3090057477499214,0.12985823569228996,0.24656431715555754,0.9358345179855303,-0.42444710230545474
-0.2373798024907646,0.20510128233736302,-0.978956643738613,0.16549258963954505,0.07365079984903376,-1.1175482984794467,-0.3751212128089519,-0.42783965757021014,-0.44447962090478566,-0.48059615862801064,-0.8584536668149462,-0.5516449562714701,-1.4409482607389592,-0.49266211138171256,-0.3542774761921133,-1.2403009712819602,-0.4591613075658171,-0.31463599164364087,-0.5797219840868708,-1.1822363585544615,-0.5795680202086163,0.17925729626422954,-1.1864980772731015,0.12984839806318194,0.04018637414952331,-1.1273118005844251,0.14098667031937573,0.20700219357470134,-0.007018252230100797,-0.33980684463331273,-0.04963841189042569
-0.17718449178324053,0.21929727171396435,0.13575596594107614,0.12631901910481233,0.08296064162296622,-0.8808454732026495,-0.9942743872397436,-0.890817359969593,-0.779489667333512,-1.1225994953230436,-1.4393354795811397,-0.7608016543802663,-0.25072080037696226,-0.7491010677404544,-0.49046845149452406,-1.1187800633897238,-1.042005057249919,-0.8664766515540359,-0.9120877627909753,-0.130677759690701,-0.9476647681091195,-0.07032889115277098,0.05464652042065221,-0.16048977844164172,-0.1797662167318823,-1.2165067044863547,-0.9991882433807107,-0.9457905355360521,-0.8854897471442957,-0.4074544926509784,-1.3035855290587481
0.4164127876994602,-0.2917583458436768,0.6088741543144424,-0.2893331819374029,-0.3647581127779585,0.06669865398898905,-0.003087040747159253,-0.07725520586466418,0.08625782394446772,-0.260374083831458,-0.12622547603274634,-0.7269776338940253,-1.1038176517162215,-0.7263064938418996,-0.534368091209694,-1.213854272319187,-0.6906912935471523,-0.6338642051031331,-0.8409510099519169,-1.2296649036063065,-0.8619612179576636,-0.018331768774229176,0.7193121141855966,-0.06470811196582354,-0.25290707827798825,0.8260565948678251,0.8493398263049722,0.48695227972659744,0.6999392139359766,1.2789047329322654,0.7211837419447638
-0.23744077016412618,-1.5512265233357296,-0.5381489657907443,-1.5325786046976002,-1.2032081052666463,0.5620890870760326,-0.5922218410657293,-1.141768803892644,-1.2861858295997368,0.6317119479715243,1.2012984682790766,0.3881796129533675,1.6601256923511338,0.14416129690916293,-0.2411593347865127,2.960706943703366,-0.3415968587255537,-1.1740965663422738,-1.9989086517715546,-0.2106287356352395,1.287483819840851,-1.2787420152300828,-0.4385451486629182,-1.3065772813663523,-1.001452562265551,0.6342875514786773,-0.8015748966300118,-1.3218066824471775,-1.7698013254746452,-0.7311968081640939,0.2896379561916804
-0.2378205352627834,0.014875024690907792,0.5881031118980506,0.049208938157496426,-0.07840994912519324,0.1465766971938521,0.09568309342853776,0.5583080041941767,0.1766739519197715,0.25845419407906284,-0.20117796800257776,-0.4087557268704116,-0.3374061442285327,-0.09803105076298205,-0.3216079768691962,-0.36755990551044476,0.27561649768582935,0.6173764497503311,-0.037156394143363254,0.010252774177637968,0.12448664428559425,-0.089047855209046,0.7960671090429733,0.2555618353126933,-0.14884918588509838,0.5718511187473275,1.061909416690587,1.1943478180445595,0.4540409648347321,1.1146175877465045,1.0203429719090529
-0.23731689027194205,-0.9192210762894468,-0.3581332648486826,-0.8926061681722846,-0.8327892492310989,0.04691234970888478,-0.14213989631216045,-0.46341366811091994,-0.5576304400183884,-0.7344114312748842,0.20673655560246643,-0.8757342954202482,0.7254315499515915,-0.8065623894430614,-0.6242092143477161,0.8453057950228119,0.5053470278175684,0.4633432558433035,0.2754397881660383,-0.9464487345824327,-0.08463001808395847,-0.9771587054345403,0.16732938521126953,-0.9348246883570833,-0.8415673456007542,0.49157570523559135,-0.037851817400258315,-0.29176503097321727,-0.2542996789825394,-0.9824595008011389,-0.04677290202486689
0.4362016243449228,-0.845401931531121,3.3783464765000053,-0.8926061681722846,-0.7729805687440189,-1.3505869933340027,-1.3386141883463898,-1.07774847405362,-1.1180536424919034,0.10915109252207823,-0.6292720086764229,-0.6230895709719996,0.8460372457450809,-0.6526990156278162,-0.5145622072451754,-0.8760730159465522,-1.112183835384158,-1.0541813528247979,-1.421197112681909,-0.14151856998826556,-0.5131477688412381,-0.8232472231940565,2.6610501755775346,-0.8746618291019603,-0.7295593595615485,-1.419871085382753,-1.1971198080810885,-1.2093414658613724,-1.3084347355984358,0.01936995317477131,-0.603254917916294
-0.17642290901016172,-0.09585369244658125,-0.5173779233743527,-0.060889412713804714,-0.23103493093420413,0.4668216960977543,0.9071475291073046,0.13438437858405153,0.17771922507555532,1.0833538301814023,0.9389647463846662,-0.5112632175276929,-0.007624944793210435,-0.4418492070661841,-0.36693690717974364,-0.34010890152376894,0.541336144809486,0.2802893152581401,0.42582389749326405,-0.11035124038276736,0.35502919419301043,-0.11816624374102953,0.23591895508381874,-0.09763305981688584,-0.2363002159945729,0.6342875514786773,1.1459189554058598,0.9274976492689223,0.7721718246094668,1.177433260905766,1.2782388598093015
0.41699306475765435,-1.703975369027958,-0.5381489657907443,-1.679376405859335,-1.2946138245016179,-0.7496696040864057,-0.8798172317537887,-0.9370893519410235,-1.1315637980304099,-0.17452480043619203,0.34366899285504404,-0.8564062837138248,-0.4548082512275073,-0.8402793633346737,-0.6626979682375279,0.6668742691094179,-0.5335388160157798,-0.5832639288438197,-0.9991077811095384,0.750138076986418,-0.4925789168048885,-1.5295761335841682,-0.5757242884080173,-1.5086167340887813,-1.1336007855420904,-0.09265091532204532,-0.7716624093601799,-0.9880013804151074,-1.3757493812899015,0.331837660684942,-0.5447985166589039
0.4525165150914627,-1.117964927561863,-1.6043958098321855,-1.1004322686933925,-0.9569204728835291,0.2733556098034058,-0.5701438110735146,-0.8939107521905244,-0.771911436954079,-0.058814896729529414,0.4388010018936754,-0.7362964966810509,-1.2255540259077746,-0.719658076454821,-0.5876602119802025,-0.4331745004054264,-0.7020878472612594,-0.8579936640635039,-0.8281092208408278,-0.11170634166996286,-0.5829961622146747,-1.0270759429179401,-1.6062009214932258,-1.0306063548329014,-0.8645342828012222,0.11249736365239166,-0.5851866908482484,-0.9038222817195201,-0.7407171529859381,0.061247068614278644,-0.3654175990749531
-0.23776200598769828,-0.2633663670904746,-1.0181908349695752,-0.3173732113727907,-0.3077705964647972,-1.6620380792245248,-1.0517934653773555,-0.721454135873605,-0.5942150004708233,-1.604101997844318,-1.3643829876113085,0.004380523354388568,-0.08488796866091436,-0.07713602468930676,-0.08802105671033865,-0.8352312783078393,-0.8982285348672091,-0.6688379254588349,-0.17064341253494575,-1.2892893602429116,-0.9840887769234883,0.008706734862612357,-0.512033973526364,-0.09463988273951669,-0.09408187409936687,-1.3904367670951168,-0.8473982813837971,-0.6668108136342493,-0.23140040453498617,-1.4044519717684836,-1.234240190312237
-0.24434365962416058,0.21645807383864418,-0.016565011779129817,0.18940908533443435,0.07477926551860124,-0.4624017789826759,-0.1283895442994653,-0.37615422921214986,-0.026892995169134844,0.23605872884551554,-0.5946785508441924,-0.40288829474524723,-0.4712030879994348,-0.32882611148584984,-0.3224247143522691,-0.5503434198607507,-0.2522238848622923,-0.6026110932959101,0.006776042289309389,-0.6754284771433194,-0.39273428087844253,-0.01417199898394592,0.11507066530837458,0.04304626281947163,-0.13082897362011586,-0.021294992200502346,0.29309485026596815,-0.44653812886308686,0.5185892552238088,0.10151352576765126,0.06440888075879594
-0.23727291422201321,-1.355605789726166,2.0097655706199724,-1.3680496084517235,-1.0988250308316483,-1.0992276463682393,-1.0680614874768821,-1.141768803892644,-1.2861858295997368,-0.27530439398715684,-0.2963099770412101,0.4592790845877105,3.258151161614866,0.3583353141643344,-0.23585054114653872,1.544636860000447,-0.8466441338454609,-1.1740965663422738,-1.9989086517715546,1.3328316304805123,-0.17461874574298705,-1.212185698585549,1.4297040878655742,-1.2320471721398565,-0.9774256125789075,-1.091633839023653,-1.1797451080286114,-1.3218066824471775,-1.7698013254746452,-0.6828770595800469,-0.7969633848280364
-0.23751325078124877,-0.5728389355003793,-1.1751275998934236,-0.6262258885361032,-0.5625217213696713,-1.384296993218623,-1.408721616918159,-0.9970238262215673,-1.1541939618531303,-0.5328522441729546,-0.8872815483418043,-0.6665775973114522,-1.127750344475242,-0.6769182503950308,-0.5072115698975191,-0.5466609681064407,-1.1749248626734006,-0.7562722263480899,-1.1454365886122098,-0.058857391469335996,-1.1918341824906176,-0.7213328633321145,-1.472287951742058,-0.78007743345709,-0.6550051480338751,-1.412735493070599,-1.2959583032514057,-1.1221057197779913,-1.4851741021399552,-0.9760168676565991,-1.3310944237681082
-0.23782258783854776,1.440152358101662,1.684352572763169,1.4623439510262188,1.4139858988778886,-0.162675910443326,1.2983547272149678,0.9939607419753331,0.6980039383669702,0.13901171283347494,-0.005148373619941614,0.5224402656997726,-1.1153128820965383,0.31559548810454413,0.5616936110741758,-0.6564649840531444,0.46935791082565126,0.12700024306080823,-0.3695221728474677,-0.6469713501122124,0.07049340769017691,1.628937068177975,0.8842536988791082,1.6084778742836239,1.6415119032652346,0.8528150660384046,2.558806651980904,1.6334376412117446,0.9735010160611105,1.2450809089234325,1.6450241226007674
0.460691322477777,1.03698625980619,-1.3712985560482343,0.913913963539962,0.9346701057290728,-1.308083080436001,-0.8267524930005709,-0.5688467863076614,-0.19439801838349796,-2.2237098693058037,-1.472487543337027,0.27255668578101316,-0.2865256163156542,0.14226174908428335,0.2100881246112802,-0.8727253325335431,-1.024550335508839,-0.7451104007026531,-0.7422719988877597,-0.9735507603263441,-1.0380820135189055,0.7283469085816311,-1.1538363773337919,0.5818181367459484,0.5761993546589085,-1.4787397219580265,-1.000397471589491,-0.8133358153983266,-0.4879030156287215,-1.7974525935853998,-1.4262293513046447
-0.23727233548824506,-0.8510803272817619,2.353641717291347,-0.8975544086608825,-0.775237500083154,-1.593152427286386,-1.3417128592224898,-1.141768803892644,-1.2861858295997368,-2.8209222755337415,-1.0991664775642123,-0.31177052527210847,5.084196774488165,-0.39056141579443576,-0.3644866947305249,0.2069025681619449,-0.988321291070309,-1.1740965663422738,-1.9989086517715546,-0.0425961760229889,-0.8392497771675277,-0.9147621585802901,2.0927365966335523,-0.971940084116463,-0.7848566775903676,-1.744094561066266,-1.2856480416818041,-1.3218066824471775,-1.7698013254746452,-2.1469654416766737,-1.406743884218848
-0.24371942194893811,2.643972257237439,1.1766159803624827,2.58394512844172,3.0643669406204275,0.7819369124105185,0.4539669134776353,1.8330433819029455,2.3984020445383596,-0.07001262934630305,-1.0934009012588408,2.0866286416553232,-0.5154879919236066,1.708913817653708,2.520434279853826,-0.2289658122118614,-0.338597765642894,0.158625415722879,0.1994028789556435,-0.7336978324927288,-0.2628934023989867,2.985022019810346,0.8564912539306956,2.835680476005043,3.5725013155815106,0.8795735372089829,0.06906941369190707,1.0162859781524525,1.4407076893534747,-0.49281938181612867,-0.356247967505166
-0.23774161140970881,-1.5534978816359857,-0.7712462195746959,-1.5090744623767607,-1.2128000634579708,1.3755260408136334,-0.44251730436413345,-0.6091897765223069,-0.7834094416677014,-0.6224341051071458,1.972444299122534,-0.8212016909628393,-1.152625269232649,-0.7168087547175017,-0.6471595376220654,0.4301930518096626,-0.1934416604421605,0.03844975960700968,-0.2416111944646478,-0.42337963772494347,0.03192681012202164,-1.3914717765467612,-0.957866177697936,-1.2925093491027166,-1.059046574014417,1.8116602829841437,-0.130771458706545,-0.13019938333269487,-0.1560940657477301,0.043529827466794874,1.0375360311024027
-0.23737569733923589,0.5827145997549533,0.07805862589554359,0.7159843439960502,0.4372988618671759,0.4668216960977543,1.6353351849908755,1.7402416152750066,1.116374518969459,1.2513198194330097,0.4517735485807626,-0.3096996668749917,-0.4001587953210824,0.09809726215583339,-0.15397260846847768,0.7435362192673302,1.760167573602421,1.8317830799738541,1.7437969904734443,1.0198032331383362,1.1242185568023275,0.22293487906220483,-0.39771802373878157,0.4321592828774826,0.09866372963686894,0.26412870028567076,1.2044710581468074,1.5393123089527019,0.9581323754922827,0.6749078756316762,0.444948590904941
-0.23728180357269194,-0.405326260856486,2.3674890789022744,-0.45716100517567854,-0.43133758728244387,-0.9871052554476509,-1.210794014707252,-0.8843727928426528,-0.8944697144697362,-1.0330176343888524,-0.9045782772579185,-0.5644152497203571,0.31838732664856534,-0.658397659102455,-0.4471813648916589,0.6223500797163949,-0.7812639046434776,-0.6799997511042718,-0.4266343402099421,-0.16726549444498123,-0.8593901114531199,-0.5091846040276641,1.7171270473314957,-0.5855209234280846,-0.5108434499140141,-0.3736148626131231,-0.9581381278721114,-0.901978589644343,-0.7711470613122172,-0.7924018230372203,-1.0749178417871943
-0.23776397368250998,0.12560374182839681,-0.9074119420821526,0.13745256020415722,-0.02508994623812667,1.2436173456129407,0.5624203941411458,0.14276231584907373,0.559766563514555,1.1206796055706483,0.11737012286920648,0.3695418873793161,-0.86844809851924,0.45141315758343337,0.04286112495209805,-0.49142419179178776,1.1255594773116113,0.4763653857629796,0.743489207083359,0.5509381877686697,0.47544268215580604,0.004546965072329101,-1.1832319072791706,0.05202579405157992,-0.14178243597726206,-0.18184581922397466,0.3306445683280978,-0.05839242882579606,0.37719776199059324,0.4059279418471475,0.06498198273190738
-0.2374466038005091,-0.26052716921515445,-1.2582117695589903,-0.2740761070975594,-0.33570012178659425,-0.9233493861006501,-0.37008587263528875,-0.48738745782313747,-0.537770250058495,-0.7418765863527326,-0.9665582225406647,-0.7632176558435692,-1.2574014674532428,-0.6037856591371673,-0.5186458946605401,-0.9055326299810339,-0.2774162667566345,-0.12190846883243227,-0.568062991341277,-0.758089655662249,-0.47929486653141296,-0.432228862907422,-1.3253103020151658,-0.3314001895594294,-0.4596095130822007,-0.6768775358796826,0.07352446498741418,0.06872528793641666,-0.3600359260960744,-0.26249524689883696,-0.5958045922658421
-0.24373433013080556,-0.11004968182318207,1.0566055130677752,-0.036148210270815356,-0.17771492804713757,2.643315166909173,1.3932515227955398,0.8663583128619176,1.1116707897684317,1.6245775733254701,1.666868754937837,0.5535031416565246,1.3793405568319161,0.496527418424323,0.2462287582372572,0.6186676279620845,0.3433960013539404,-0.016243186055630687,0.18250578801999995,-0.03040026443822882,0.33188923565211725,0.5993940450828472,2.672481770556293,0.6237226158291189,0.4754981684722409,4.050452370922568,1.6798886749673292,0.9323494705193885,1.3239060210303837,2.469181206385958,1.4329763925494516
-0.17488050635355096,0.653694546637959,-0.20350439352665578,0.5840312643001087,0.500210822945567,0.04617952362443678,-0.3908082341192095,-0.3862077539301766,-0.0227119025459994,-1.1972510461015358,-0.9679996166170071,-0.22617504485794773,0.45406873441624085,-0.24667066805980842,-0.144580127413139,0.09408563714353282,-0.43816765598719865,-0.49248108026093373,-0.25343915811959794,-0.44235105574568157,-0.741547729994868,0.3768463613026883,-0.005777624467070164,0.2854936060863864,0.2210951717901332,0.09019863767690932,-0.5667300497668627,-0.5149488084946594,-0.3677202463804883,-0.8133403807569739,-1.083514371383869
-0.23775530039243803,-2.0489379108793657,-1.3251406840118083,-2.00596027810679,-1.4593698122584797,1.5220912577032912,-0.5651084708998517,-1.141768803892644,-1.2861858295997368,0.42642018333067044,2.2391022032459733,-0.6223992848396273,0.5840967501935964,-0.6223062504297432,-0.6294567526764597,1.0759611821791497,-0.8706368785067391,-1.1740965663422738,-1.9989086517715546,0.8653216863980412,0.15791102884466204,-1.7446362317418174,-0.97093085767366,-1.7136493638885795,-1.234301971728758,1.1872959556706397,-0.8703099737606896,-1.3218066824471775,-1.7698013254746452,0.05319377718360412,0.5859316762904108
-0.23779937675622,1.2641220898318075,-0.3627490520523251,1.2891555339252956,1.1713657799208659,1.0017847377450053,1.234444640395399,1.402546297823341,1.3505157058650432,0.3405708999354045,-0.31072391780463865,0.7747398470818353,-1.0077099878807847,0.6788840096127619,0.6309121127646065,-0.22829627552925946,0.8748352956012538,0.8923294214829242,0.8651482618199908,0.5522932890558652,-0.08420150033320112,1.3523123771241328,-0.6802417282138071,1.2852147499277375,1.2069067839333005,1.6109717492048028,1.6041528029437118,2.2418560260201983,1.884861401792597,1.449634511262565,0.47303058758741284
-0.2373964160081355,-0.09869289032190141,0.09882966831193526,-0.15490598199716238,-0.1923849817515155,-0.6881122129927489,-0.8048681299381126,-0.9687966222055693,-0.6869829930466407,-0.9732963937660589,-0.8526880905095737,-0.21582075287236377,0.9044556296450521,-0.25284419849066697,-0.22523295386659065,-0.38162017584508384,-0.8640388737248876,-0.9578547975046783,-0.8095224208116202,-0.008718643843099678,-0.6022794609987522,-0.14312486248272943,0.4122921347560893,-0.20239425752481188,-0.23806690347153198,-0.8909453052443127,-0.9091325636215356,-1.091199618412522,-0.8645883959706899,-0.6216720447069201,-0.8302032992685129
0.4531670118468585,-0.396808667230525,-0.3950595624778234,-0.3870609315872096,-0.4302091216128762,-1.1571209070396542,-0.3081124551132828,-0.18926178253088463,-0.21922325583336455,-0.9023774205264908,-0.7417007466311695,-0.13988927831141465,0.12617199897769163,-0.09280729424456317,-0.2060396230143768,-0.5205490374849685,0.5647290708542324,0.5169200189413999,0.339648733721483,-0.20520833048645748,0.14376994306967178,-0.5362231076645056,-0.7227019381349095,-0.5070996840010084,-0.5173801935787627,-1.6250193643571906,-0.4820840751522316,-0.39947546273356543,-0.4948189038846939,-1.4672676449277444,-0.7488228190866569
-0.23776779332537973,-0.7801003803987561,0.415011091761453,-0.7680754492092401,-0.7315094553874115,1.0237695202784547,-0.2176699989171053,-0.5500286502969961,-0.7026620903833986,0.0979533599053046,1.0672488191791858,-0.2738047879916339,1.839149772044594,-0.3734654853705196,-0.32752932362147485,1.136219483613317,-0.4975496990238624,-0.21194719570562232,-0.730613006142166,-0.2770286987078225,0.10477482775075937,-0.6672558560584312,1.0900224084967565,-0.6923773450901689,-0.6338048983103661,1.0668828354030349,-0.5686393574649371,-0.470312052990371,-0.8281647178225682,-0.22061813145932962,0.28161452856811703
0.4144381403660968,0.8013328361546107,1.1096870659096651,0.8396903562109952,0.6728660703894015,1.719954300504329,0.8664774738584883,1.9735349452702413,1.857473186420214,1.6133798407086966,0.1692603096175512,0.6780997885497183,0.3768057105485365,0.5392672444841135,0.5537304206142147,0.4325364301987691,0.3278007173241095,0.7018342638008029,-0.11995213972801574,0.11053026943011013,0.05249566215837101,0.9488147074666481,1.0785908135179993,0.8512040737091867,0.8129354765714254,1.4102832154254619,0.6297694410264179,1.389391032313298,1.0687865875878428,1.0163674322922756,0.07013990048991275
-0.23781534209177058,-0.33150711609816014,-0.17350177670297828,-0.40520448004540144,-0.3864810769171339,-0.468997213742711,-1.301430137833186,-0.8115491843082288,-0.5223524710106832,-1.3017632171914248,-0.5788232160044204,-0.7611467974464523,2.1557397235025033,-0.8041879546619619,-0.5411061754450457,-0.8784163943356588,-1.2269891185883743,-0.6744188382815535,-0.03208726686267046,0.8815829018443884,-0.8375357061644987,-0.6277380430507391,-0.43691206366595303,-0.6944725690443276,-0.5970577987896174,-1.5505416195990795,-1.34133618287564,-1.0873181614121492,-0.9993713737593094,-1.4688783032138797,-1.2554449633173683
-0.2373704192872704,0.43507631023830157,-1.8213378084033882,0.42733698216117844,0.24376699953634176,0.591402130453964,0.48495362223863814,0.3933270857445081,0.3368620630436475,-0.11853613735232284,-0.008031161772626322,-0.8332816982793539,-1.5281989437895618,-0.817009902479899,-0.5470275221973244,-0.3153360442675003,-0.42917037673921926,0.06709844543029744,-0.1959890489384106,-1.1456486238001813,-0.6322757035517617,0.1438992530468215,-1.8429982460532184,0.14481428345002853,-0.05221138089543676,0.9955269122814906,0.2606366193987037,0.6208625462394625,0.461725285119146,-0.550803080116985,-0.1023637934166991
-0.23734247802094433,-0.8113315570272784,-0.12965179826837406,-0.8113725534844707,-0.7605674463787758,0.6353716955208606,-0.3848045592967654,-0.5872782482907103,-0.6083261880739054,0.41522245071389685,-0.0772180774370873,-0.5571672453304484,-0.35436632019949194,-0.6517492417153764,-0.4588198740254481,0.5359798476607555,-0.5365379090984395,-0.3931408320165462,-0.12840068519583736,0.5604238967790387,-1.0775056465885753,-0.8003684893474979,-0.40098419373271244,-0.853410271852638,-0.7159558659889634,0.7368616909658958,-0.633555819199466,-0.5338709113714774,-0.4570120480853777,0.25935803780887134,-0.9035603518268062
-0.24371898211127432,0.15967411633223932,-1.0228066221732177,0.10034075653967407,0.022305611883710528,-0.5481424308631261,-0.5240510817915227,-0.5478374974738364,-0.36425490619837475,-1.1002040300894953,-0.5081949062636182,-0.21271446527668852,-1.5074698398250557,-0.15501748550936917,-0.2368714630003799,-0.7512044246413067,-0.6175134223302535,-0.48392368059943214,-0.1959890489384106,0.1931914479490397,-0.4064468489026754,0.19797626032050455,-1.2338575421851,0.19569829376530695,-0.005394162756021108,-0.4360512953444735,-0.35670620297868044,-0.27817993147191195,0.15281560968570784,0.3382802938294818,-0.09892518157802885
-0.23783214852039752,0.10856855457647532,0.5442531334634464,0.2050785135483272,-0.045120211872950705,0.672012999743275,1.5869184525518083,0.6949328272853086,1.008972702212668,1.6283101508643956,0.9504958989954091,-0.5174757927190431,-0.4048699553130157,-0.3577942158152632,-0.40042314398573375,-0.844939560205566,0.3116056146777467,-0.1766014144950725,0.2855780427274245,-0.7675753646726178,-0.008782376199919934,0.2707722316504634,1.261496333178131,0.4411388141095909,0.02304950562302014,0.9241709891599477,2.5925377546468846,1.365617108186014,2.381268492165734,2.1985906143152945,2.516139121730498
-0.2374044179670364,1.6985193647558026,0.08498230670100694,1.7056324417156108,1.662248346182749,1.2509456064574238,0.8529207887755493,1.6074835324600387,2.0038114282299544,-0.3424907896877997,-0.30495834149926726,0.09894972348938869,-0.3713264961704516,0.06865427087020015,0.24153251770958795,0.7067117017242279,0.10766728505688157,0.8893529346441411,1.2284357169363223,0.5834606186613633,0.11720184252272027,1.188001470407941,-0.06783485435175768,1.1475286043687491,1.0514382859609013,1.548535316473453,0.23708849112245306,1.2535400373002468,1.5698042701316277,0.21425960579709458,-0.1631126025665351
-0.23726993567221982,0.29027721859697003,2.6421284175190096,0.45207818460416777,0.15828572506659982,0.6280434346763785,2.011049028718037,2.1449604308468504,1.1777843168717608,1.1654705360377429,1.2791337484015937,-0.49780263794643365,0.01310415917129576,-0.23812270284785025,-0.3677536446628166,-0.7870246371605059,1.3846811196534163,1.5638992644833711,0.7181435706798939,0.15795881448195495,1.0329442758910268,0.24997338269904637,2.8259917602710463,0.6297089699838573,0.055026548955979554,0.44251850808952947,3.4033570904291395,4.354824180598199,1.851050392541176,1.9167254142416863,3.284095765700129
0.4173495647588321,-0.7602259952715145,-0.09734128784287571,-0.7874560577895814,-0.7103507240830199,-0.07253830205618579,-0.970840688739235,-0.7504546879448358,-0.6909027673808301,0.3890944079414243,-0.5154018766453329,-0.2744950741240061,-0.4502855376352515,-0.3231274680112111,-0.3510105262598216,0.452622530676825,-0.9976784614882074,-0.6721864731524659,-0.5339308676512773,1.6228233059403638,-0.5765683959533153,-0.7234127482272562,-0.49243695356277883,-0.7737917615946143,-0.6671952916248929,-0.30671868468667607,-1.080333820548872,-0.8814553857548711,-0.7991179871474838,0.6555799761980576,-0.7585655526295547
-0.23777848832541507,0.8524383979103747,1.2343133204080152,0.8974198285779698,0.7577831120243596,0.7965934340994847,1.513325019244426,1.0390727118639145,0.7897266577870037,0.41522245071389685,0.3206066876335564,0.6428951957987329,-0.29594793629952076,0.3996504793554651,0.588237579274046,-0.3869764693058988,1.8477410916160868,0.4079061884709675,-0.0946065033245506,-0.6686529707073414,1.1002215627599197,1.4563066218812164,1.3611145179930244,1.3151465207014306,1.4083091563066357,1.1917557008657356,3.0705011150648382,1.863899150608886,1.1487035185457473,0.6668545842010016,2.882924384521963
-0.1756459936504522,1.3095492558369313,0.18652962518114452,1.1736965891913471,1.2447160484427564,-0.5129667788096076,-0.8912435806094084,-0.1080602367314383,0.24069693271153278,-0.991959281460682,-1.8285118801937263,-0.2627602098736777,-0.6973387676122271,-0.2376478158916304,-0.08005786625037759,0.19920289631202345,-0.8526423200107804,-0.19818094407625034,0.4731357521130655,-0.12254715196752744,-0.880815998990984,0.7574652971136147,-0.19358239911809844,0.6386885012159655,0.6221332290598446,-0.333477155857255,-0.8970402815337312,-0.24955418609416183,0.2189007641316672,-0.534696497255636,-1.5030250157016078
-0.23747422869237525,-0.6381404866327447,-0.9720329629331489,-0.6270505952842027,-0.660416118204656,1.4341521275694962,0.30484337756530827,-0.9908370417797047,-0.8192100472532987,2.40095370142179,0.45609773080978966,-0.1498984272308125,-0.2789877603285611,-0.19395821591940027,-0.28607989635552383,-0.3936718361319173,-0.0710786626696414,-0.8832938021931606,-0.22133468534187573,0.9669542829377089,-0.26460747340201585,-0.7296524029126811,-1.2681523271213748,-0.735479095004287,-0.6848621663944837,-0.11048989610243168,-0.4356242544990883,-1.1703328230076249,-1.037331915964314,0.3624401681215054,-0.441067059525693
-0.2374211626640614,-0.4252006459837277,-1.6159352778412923,-0.4765416137560199,-0.4677306051259972,-0.614096778463472,-0.9086736042874727,-0.8375852355010671,-0.6584992995515305,-0.86878422267617,0.01503114344885934,-0.6182575680453937,-1.0408765542239942,-0.6346533112914604,-0.47556299242844313,-0.2828635151613105,-0.763269346147519,-0.8364513405678108,-0.6081090968587516,-0.4166041312889659,0.29246560258244786,-0.5549420717207807,-1.3987991268786115,-0.5849222880126104,-0.5599573617734767,-0.016835247005406374,-0.6125534345206478,-0.8664632580909308,-0.5058843250942501,-0.1996795737395755,0.6329260380855674
-0.2374165945255182,-0.7346732143936324,-0.7273962411400912,-0.7000371424910207,-0.7126076554221551,0.9211738684556934,0.2312499442579261,-0.22702694589475395,-0.1110374842097352,0.26218677161798704,0.07989387688429127,-0.5481935256096089,-0.8746668297085918,-0.5681691374206754,-0.5057822793021415,-0.36555129546263926,-0.3182039326808075,-0.19520445723746718,0.20447200623633627,-0.23366545751756418,-0.7496895672592564,-0.7650104461300895,-0.9497007527131086,-0.7701999491017709,-0.7210792596721448,0.4335990176993363,-0.2542400231820218,-0.20491743058987347,-0.07156654261917733,-0.18035167430595703,-0.5344826811428939
-0.1764264508608228,-0.6693716632612671,-0.05349130940827068,-0.697975375620771,-0.6567486047785615,-0.5510737352009191,-0.6944779799770392,-0.7977578106565768,-0.9221694530980086,-1.0554130996224007,-0.2991927651938958,-0.6289570030971637,-0.6272367069322615,-0.6740689286577115,-0.48066760169764894,-0.48841127672007933,-0.4849535080766912,-0.4132321181783325,-0.8588619263436987,-0.5480489561469358,-0.3468828815474135,-0.6277380430507391,-0.0808995343274817,-0.6717244232563208,-0.5963511237988338,-0.1684665836386855,-0.43880643399587893,-0.6081037765036091,-0.707367202951582,-0.5862375624119526,-0.21010696436169168
-0.17796896154773692,-0.18954722233214877,-1.8998061908653125,-0.1866571917989987,-0.28661186516040565,2.40881081988572,-0.003087040747159253,-0.25538304125329087,0.4270168727300051,2.1919293592420117,0.5425813753903649,0.01956681826657843,-0.3468284642123989,-0.10040548554408146,-0.16356927389458456,2.150567557755124,0.18204479350684405,-0.7417618530090221,-0.6067573295839003,0.747427874412027,1.0423716664076872,-0.4655070212296888,-2.1222557805343127,-0.4879433507058447,-0.4917632251628561,0.5941498447228099,-0.7576608195743011,-0.9075096658698744,-0.6314461185415728,-0.3043723623383443,-0.6697347467972469
-0.23741699578093076,0.13979973120499767,-1.1982065359116365,0.23847913684636243,-0.01324105670766729,0.5034630003201688,1.5249450350298026,0.7271556629200095,0.3601193907598384,1.00870227940291,1.6452478437926936,0.4893065313459041,0.589750142183916,0.9172772616351477,0.1794604689960454,1.004320757140752,1.6246085662661989,0.7896406255449057,0.6708317160600927,0.8571910786748682,0.7338388858624457,0.029505583814029374,-1.1669010573095158,0.19270511668793738,-0.13188898610629116,-0.025754737395598318,0.6781385693776356,0.2399945780778712,-0.06695595044852909,-0.11592534286056085,0.4862119329689808
-0.2374275981835632,-0.38261267785392417,0.5073268358343056,-0.40437977329730196,-0.41271790373457923,-1.5184041666726609,-0.42024560744216255,-0.3521804394999324,-0.7983045841376215,-0.8799819552929435,-0.21703330284234965,0.32743443330460825,1.1305913092578448,-0.14789418116607073,0.01182510059532685,-0.32303571611742177,1.1663471432357844,0.7513183574955726,0.2669912426982167,0.8788726992699968,1.7138589818443442,-0.39895070458515525,0.24898363505954277,-0.4798617725969477,-0.4205657198414052,-1.6838880009324635,-0.4031660236318238,-0.4300419366115021,-0.9090037672146023,-0.6619385018602931,-0.11955685261004874
-0.17411461008478693,1.0880918215619542,-0.5358410721889227,1.033496442014409,0.9287456609638431,-0.4953789527828494,0.35519677930193827,0.2631468297803164,0.34809874946832403,-0.35742109984349857,-0.6984589243408829,-0.36526770053095897,-1.1447105204462014,-0.4475478505408228,-0.09986375021489607,-0.9570869545413765,-0.585123217037528,-0.06721552316979203,-0.3509353728182602,-0.9830364693367132,-0.5551425084154515,0.8448204627095646,-0.5659257784262247,0.7673951155428465,0.7210677277695532,-0.24428225195532569,0.061432182899609666,0.759624634002794,0.5892850018404164,-0.09176546856853728,-0.07714730659978528
-0.23767142257830812,3.6973146689812424,0.6227215159253707,3.697299238376225,4.483412520101619,0.9651434335225909,1.6760052402396919,2.5587016403964102,3.621371636805473,-0.058814896729529414,-0.7128728651043114,1.4898762802195007,0.5332162222807183,1.4040363917605374,1.7976216073342846,-0.7850160271127004,0.0008995713141933412,-0.01735936862017432,0.0980203333417832,-0.6036081089219542,-0.4218734879299375,3.4945938191200545,1.2027052732873744,3.3864250582409974,4.120174433438826,0.6878044938198351,0.9320764932215285,1.2690658653017384,2.3612892594262576,-0.06921625256264843,-0.1591008887547534
-0.1771927869672506,0.7502272743988467,0.06651915788643692,0.6582548716290761,0.6189818346675514,-1.596083731624179,-0.6319235616657644,-0.4779783898178048,-0.5620728509304698,0.10541851498315404,-1.436452691428454,0.2570252478026372,1.6243208764124415,0.29232602724976947,0.12147210769786743,-1.1827208165782008,0.07527707976415601,-0.03707859392711262,-0.12333155791514427,-0.6781386797177105,-0.9480932858598768,0.39556532535896327,0.4220906447378819,0.37828209548483505,0.26172898376019205,-1.9639599991845216,-0.5470005368867606,-0.408693923109451,-0.47330280708833505,-0.5991228287010322,-1.3683460520203663
-0.23755820682035833,0.8950263660401787,0.897360854542105,0.7654667488820283,0.7682214194678595,-0.7042343868506111,-0.8126148071283633,-0.7691439326129623,-0.5448258438600361,-0.9397031959157369,-1.3802383224510804,-0.01287662995491805,0.22416412680990175,-0.13602200726057345,0.07655154612885631,-0.4184446933881857,-0.8574408689430361,-0.7105087412017991,-0.7027328060983544,-0.8258447200220275,-0.9228107385651974,0.7345865632670564,0.9773395437061398,0.6147430845970107,0.5903328544745812,-0.34685639144254415,-0.6895621783429813,-0.7342511290157288,-0.5041937746316788,-0.7199222001611495,-1.0571516806207324
-0.24374568102911146,0.01771422256622796,0.11036913632104112,0.22239735525841955,-0.08715555806434179,-1.30881590652045,2.2938027461621897,2.728838212547631,0.7515741876008928,-0.417142340466292,2.16847389350517,-0.14368585203946208,0.5501763982516775,0.25433507075217804,-0.23299195995578345,-0.5617255434649824,2.945409159869566,4.164976700724991,1.873904590677898,0.7392972666888534,3.9631486555693054,-0.21176106402240463,-0.28666824394512996,-0.019810455805283816,-0.30891107129759116,-1.8859144582703335,1.033269801219471,1.9691836717440014,0.5431790801339331,-0.8068977476124342,1.4100523136249852
6.476627299062463,-1.6974452139147216,0.352697964512278,-1.6150492795075635,-1.2889714961537801,-0.15974460610553295,0.4965736380240146,0.5608858310449528,-0.7196477791648861,1.516332824696657,2.8776397790658845,-0.7280130630925836,1.4396434047286608,-0.7695212068579097,-0.6217590018984973,1.8258422666932252,1.7277773683096955,1.710491241293441,-0.2720259581488057,0.3910362358795925,3.44892735466057,-1.502953606926355,0.6915496692371834,-1.4840726820543528,-1.1201739607172012,1.3924442346450767,1.107732801444372,1.2889583324286493,-0.5589061350567057,0.681350508776216,3.7253842849961116
-0.23736654562924894,0.12560374182839681,-0.5358410721889227,0.07312543385238572,0.014688468614129452,-0.7196237346240254,-0.7335986997878057,-0.47256495343117505,-0.5568464851515504,-1.5182527144490523,-1.3110514067866204,-0.6351695782885141,-0.36190417618658505,-0.6612469808397743,-0.4222708716579346,-1.1519221291785156,-0.6852929259983647,-0.5043870276160664,-0.960751384685628,-1.0385956221117314,-1.0766486110870608,0.029505583814029374,-0.007410709464035305,-0.04974222657897697,-0.09337519910858327,-0.7839114205619977,-0.3178836131178347,-0.1394178437085806,-0.5667441417468079,-0.7150902253027449,-1.0107304207986874
0.44438260489143067,1.6729665838779206,1.0819923426878093,1.7427442453800934,1.6537848536609925,0.8625477816998306,1.5288183736249277,1.8008205462682445,2.0586882689086066,1.6171124182476209,1.736055670602298,2.304068773352587,1.026945789435315,2.346212112900804,1.8405003251956136,0.3307668544432879,1.3175014346018374,1.6717969123892602,1.272368153368995,0.9696644855120999,0.9412414772289691,1.5311824781063166,0.644190204325185,1.5306552702720218,1.434809468461022,0.13033634443277678,0.5228482099342525,1.07111155828272,1.1855882559109336,0.6362520767644392,0.6357915479511254
-0.23782559725414212,-0.6693716632612671,-0.10888075585198238,-0.5981858591007153,-0.6212019361871837,1.0750673461898343,0.9052108598097421,0.42812774822998517,0.06796554371825024,1.811206450271701,2.211715715795459,0.2694503981853379,-0.31667704026402654,0.2904264794248899,0.006924675696889241,-0.47702915311584776,0.5269404980127188,0.3904193282931164,-0.23485235809039043,0.3422525895405522,0.8293983442813191,0.10438144003912946,0.4302560697227093,0.3513435017885114,0.008562668311955795,1.423662451010752,2.0401113940040294,2.0531201793770655,0.6061905064661268,2.9990877825243416,3.2439786275823117
-0.23748197600841817,-1.3036484686078058,-0.5381489657907443,-1.269909505427867,-1.0728703204315946,-0.8368759081357519,-0.24362136750444524,-0.056245917030839095,-0.6872443113355866,0.8220734024566791,1.2402161083403342,-0.7594210821155216,-0.48081385438297847,-0.6811922330010098,-0.5837807089356062,-0.3421175115715745,0.5611301591550404,0.6966254118329324,-0.5609662131483067,-0.36646538366272957,0.12834330404240954,-1.1581086913118657,-0.3944518537448507,-1.089871260964814,-0.9367918006088486,-0.37807460780821905,0.5387591074182058,0.7843689223801713,-0.5218677112858309,0.13372669149034935,0.8398158503788785
-0.17410327461938152,-0.6608540696353066,0.5465610270652673,-0.6435447302461955,-0.645463948082886,-2.205795033885156,0.02983633731140633,-0.010489490429563817,-0.662680392174666,-1.742207366784529,0.5007809471764206,-0.5122986467262511,0.6707820940451669,-0.4314016940293464,-0.4169620780179606,-0.04082600440074074,2.115860013205871,1.3049449095092374,0.6252095705338555,0.45201579380339296,2.2255091762485364,-0.7338121727029647,0.4400545797045019,-0.7229077512793358,-0.6654286041479338,-1.6593594023594331,0.5279396971291173,0.23950939595282436,-0.425045275702216,-0.9566889682229801,0.9125998009640596
-0.2372724898172499,-0.7630651931468346,1.0981475979005586,-0.7387983596517033,-0.7258671270395738,-0.26527156226608634,-0.05344044248378926,0.2915029251388531,-0.21347425347655322,-1.5966368427664688,0.44024239597001774,-0.5716632541102659,3.214808489689081,-0.44042454619752447,-0.48373036725917246,0.40977218299030654,0.26781885567091385,0.9607886187749365,0.14195276977445614,-0.7215019209079685,0.4313053538278063,-0.7982886044523563,1.906564906979489,-0.7597238293309785,-0.7237292908875835,-0.08819117012694935,-0.033396766104751556,0.4394044314720292,-0.28626645136570117,-1.2675460174470166,0.2134153937678283
-0.24434264105272863,-0.3570598969760422,-0.6927778371127712,-0.3817003377245616,-0.4321839365346194,0.18761495792295665,-0.3195388039689028,-0.7169429388847468,-0.6616351190188821,-0.30143243675962933,-0.09307341227685921,-0.8926463056633687,-0.5522350398606852,-0.8861059546098933,-0.5982777992601507,-1.3688520143415162,-0.7500733365838159,-0.5739624074726224,-0.7640692461947396,-0.2038532291992615,-0.7539747447668292,-0.5112644889228057,-0.4026172787296782,-0.5379294078979123,-0.5352237370960495,-0.6501190647091036,-0.38916443384594496,-0.44362703611280724,-0.48067975456137246,0.6410840516228433,-0.30123017808644603
-0.2375721890281967,-0.06746171369337857,-0.48968320015249683,-0.041508804133462786,-0.1647375728471107,0.9797999552115572,0.44622023628738483,0.11994854821970558,0.084689914210792,0.34430347747432877,-0.19397099762086298,0.070993135128312,-0.7316360123535006,-0.14267042464765187,-0.1004763033272008,-0.20921448007510673,0.0860738148617312,-0.013638760071695415,0.268680951791781,0.05632621794228728,-0.444156410969316,0.01494638954803761,-0.5577603534413972,0.01311449204577848,-0.10220863649337868,0.8661943016236938,0.44074797891705386,0.23514275682740504,0.34184988868228944,0.27224330409795094,-0.23073863539371156
-0.17488709620205758,0.2505284483424867,1.515876339830214,0.22940736261726652,0.1574393758144243,0.45216517440878917,-0.1388475585063038,0.45003927646158176,0.4262329178631675,-0.6298992601849942,0.28745462387767023,0.8592998982974376,0.5803278222000499,0.6223724618225948,0.4636851131054243,1.1864347348084556,-0.06268120203819413,0.6534663526705767,0.9513234255917717,0.1349220925996303,0.4865841436754953,0.45588198731807233,1.2631294181750963,0.40522068918115906,0.2935293583454555,1.5262365904979707,-0.13586294590141001,0.6329920993656278,0.5754532253284718,-0.3945692263618988,0.6180253867846643
-0.17565119453791525,-1.2650353775034506,-0.8081725172038366,-1.2756824526645645,-1.0463513771967574,-0.42942460518250253,-1.1226755616681499,-0.9996016530723434,-0.9185109970527651,0.9900393917082868,0.06836272427354644,-0.46950090651917065,0.39753481451304273,-0.5287535200544244,-0.49557306076372987,2.2844748942754944,-0.8808337949877824,-0.8635373708007374,-0.3984161983474179,-0.30142052187734264,0.22690238671658391,-1.1581086913118657,-0.7520974680802878,-1.1844556566096842,-0.9339651006457143,0.6655057678443528,-1.0389654870905936,-1.1256475492908318,-0.976933158528821,-0.093376126854672,-0.10580240525536855
-0.23783200962429318,1.2527652983305269,0.24884275243031956,1.2231789940773246,1.2221467350514055,-0.1340956931498426,0.033709675906531816,0.7787121999355311,0.7340658622415135,-0.4432703832387645,-0.8152118445246586,1.547860315338771,1.2266989730932814,1.3147576439911974,1.0797093597131806,1.2634314533076685,0.1118660153726053,0.7163446371398708,1.2301254260298866,0.3693546152844634,0.20804760568326372,1.0382497579577399,0.2898107599836794,0.9649448026492211,0.9171700377120112,0.09019863767690932,-0.2879711258480026,0.3501309204634524,0.5201261192806914,-0.8987052699221237,-0.5379212929815641
-0.23773438881228237,0.08585497157391347,-1.9113456588744189,0.07601190747073475,-0.05668698498601781,1.0164412594339716,0.09761976272610051,-0.0021115531645416056,0.223711243930045,0.15020944545024859,0.1980881911444083,-0.3849408553035684,-0.6426893117058022,-0.4442236418472836,-0.33630925156450886,-1.0571826885903535,-0.7554717041326034,-0.10181718267064609,0.02874226050564571,-0.1496491777114391,-0.39573390513374335,-0.12856566821673804,-1.5523091165933656,-0.14552389305479516,-0.2444269783885847,-0.021294992200502346,-0.4973585367368268,-0.07974044232784712,0.10670968797922471,-0.016064529120197124,-0.20265663871123973
0.4541122692850462,1.0767350300606724,0.34346639010499297,1.0458670432359036,0.9335416400595054,0.5401043045425833,0.4946369687264516,0.4062162199983885,1.0196867520594524,0.6578399907439957,-0.2818960362777806,0.1700491951237319,-0.611972548558398,0.09382327954985441,0.18681110634370174,0.08538166026970845,0.14185694619920314,-0.2405958815289101,0.5018608067036592,-0.8217794161604406,-0.16947653273389976,0.9904124053694814,-0.012309964454931885,0.9110676152565731,0.8217689139562208,0.7324019457707998,0.7417821593134484,0.2797795123316934,1.2639683228119551,0.25935803780887134,0.08217504192525703
-0.24371556372381714,1.5196498986106286,0.9319792585694251,1.5035792884312005,1.447839868964915,0.3495695225860288,0.5217503388923295,1.2504545136275524,1.3818739005385587,0.6466422581272221,-0.5485539404012191,0.7119238090359593,3.0866649379084983,1.1965107918924445,0.6011011946324445,1.4274679405451227,0.9366166131040451,1.6048259585166396,3.815380339183318,1.0130277267023582,1.0749390154652403,0.9363353980957984,0.8091317890186973,1.0278015212739766,0.7581681647856939,-0.29779919429648355,-0.09894966373863859,0.5359556743563053,1.0349755783364216,-0.5202005726804216,-0.43418983584835247
-0.17719012479191715,-0.6949244441391491,0.23268749721757037,-0.6736465265518323,-0.6798821510046962,0.9285021293001764,0.17895987322373336,-0.2597653468996101,-0.3093780655197223,0.661572568282921,0.2715992890378984,0.3360630099592615,0.9327225895966514,0.5046004966800614,-0.04738836692746042,0.8225415478143489,-0.078276486068025,0.37628101580889645,-0.05236377598544222,1.8653864363483705,0.5697165873224078,-0.6235782732604559,0.11833683530230545,-0.5612761891013931,-0.6005911737435355,0.17939354157883866,-0.4311692032035814,-0.3727904458560017,-0.5542955428860575,0.4333091327114414,-0.21354557620036194
-0.17486404716518492,-0.1441200563270251,-0.7158567731309845,-0.18954366541734713,-0.23047069809942022,-0.9680517772519956,-0.7963467850288366,-0.8123225323634616,-0.7554483847504833,0.20993068607304302,-0.8584536668149462,-0.807395968315394,-1.3030054961751558,-0.7082607895055436,-0.5443731253773374,-0.9192581319743717,-0.5689281143911652,-0.7391574270250868,-0.9284779409985493,-0.1049308352339853,-0.6661286058615868,-0.30743576919892174,-0.8615141628769737,-0.2544755386710382,-0.3767518704128199,-0.9489219927805665,-0.30133627973452326,-0.6687515421344359,-0.6959944089306493,0.6829611670623507,-0.37745274051029815
0.4312106243284341,0.1880660950854415,0.9319792585694251,0.3283721723892228,0.02992275515329128,0.5987303912984471,1.8038254138788297,1.0455172789908547,1.0337979396625343,-0.29396728168177994,0.5872645917569959,-0.4308448831063239,-0.4444436992452542,0.34551336634639745,-0.31568663011691744,0.36993475037549595,1.5514306950493004,0.8912132389183803,1.1828135714100854,0.7108401396577467,0.24875679200520512,-0.04953004220135471,0.3747311798258835,0.3273980851695566,-0.17517282929178865,-0.007915756615213192,1.3228481354274193,0.9046940893917313,0.8843629007619095,0.1627185406407771,0.1956492326013672
-0.17718111197803454,0.7331920871469256,-0.08580181983376904,0.6953666752935593,0.6361909361284562,-0.5554706917076082,-0.25253004627323367,-0.056245917030839095,0.43224323850892454,0.28831481439045953,-1.053041867121239,0.6715420702921817,0.36361446257112384,0.6010025487926992,0.5447463083004126,-0.2855416618917179,-0.03928827599344776,-0.19706476151170668,0.7113847343056362,0.09562415527095902,-0.10219924586500684,0.7761842611698897,0.1330346002749946,0.6895725115312435,0.6645337285068625,-0.6679580454894894,-0.28669825404928634,-0.19715451658912755,0.4955362943705672,-0.14330653372485386,-0.6485299737921155
-0.23738120688470862,-0.4479142289862895,-0.4666042641342843,-0.48726280148131473,-0.47365504989122686,-0.7621276475220259,-0.9791683667187545,-0.759477081922552,-0.6924706771145058,-0.06254747426845361,-0.6321547968291086,-0.8118828281758138,-0.9999836854940142,-0.829831850297836,-0.5582576625895771,-1.0337489046992887,-1.0086551421707421,-0.7067881326533201,-0.8350370281244417,-0.5588897664445004,-0.8970996735197607,-0.41143001395600537,-0.5446956734656738,-0.48016109030468435,-0.44229597580800184,-0.4137525693689912,-0.6698326654628793,-0.40626801248421796,-0.2558365430394222,0.5975962778972013,-0.5900735725347254
-0.23739884668996172,-0.37693428210328384,0.08498230670100694,-0.40273035980110244,-0.4276700738563493,-0.3568748228221226,-0.504103388026627,-0.9101510613504136,-0.7400306057026714,0.16887233314487166,0.11881151694554883,-0.13091555859057524,-0.807956804222818,-0.12652426813617562,-0.2891426619170473,-0.3568473185888152,-0.7038873031108552,-0.9111983663067525,-0.9002597991360249,0.27449752518077375,-0.5799965379593737,-0.38855128010944706,-0.180517719142375,-0.3748012571812846,-0.4539561131559318,-0.46280976651505246,-0.583913819049532,-0.9760173819264562,-0.7886673115606809,0.6668545842010016,-0.35796727342450113
-0.23745347915767467,-0.8965074932868855,-0.978956643738613,-0.8975544086608825,-0.812758983596275,-1.1988919938532068,-0.659811599550667,-0.684720103250046,-0.7442116983258068,0.6988983436721671,-0.026769284765084923,-0.8291399814851204,-0.3147925762672535,-0.7514755025215539,-0.5917438993955673,-0.562395080147584,-0.37938543156706706,-0.5330357134393541,-0.8228711226507784,-0.1903022163273059,-0.7672587950403048,-0.8794041153628817,-0.7602628930651152,-0.836049844803896,-0.7716065215131745,-0.9935194447315312,-0.37388997226134996,-0.5683188422497869,-0.731803341456018,0.48807151444002744,-0.6147169573785269
-0.23783052806584673,0.3129908015995319,1.407405340544613,0.4108428471991861,0.2020137697623423,0.8772043033887967,1.2557480026685883,1.0274724910354223,1.000610516966397,0.4114898731749716,0.39700057367973113,0.11931316439437054,-0.35059739220594544,0.30134887941794747,0.05797076838894726,-0.5834854856495426,0.3128052519108106,0.15639305059379174,-0.16895370344138147,-0.3420735604932094,-0.32759958276333595,0.8219417288630062,1.833076082116044,1.2463034479219368,0.6804339157994943,1.4415014317911372,2.2533174202890023,1.7518220797231183,1.3408115256560942,1.8168646005013227,0.8690440510075732
-0.2374125125233402,-1.2650353775034506,-0.011949224575487314,-1.2579512575804224,-1.046915610031541,0.8259064774774161,-0.4169532696363059,-1.0266172784684766,-0.772172755243025,2.695827326996835,1.1018422770114162,1.0080565598236606,1.034483645422408,0.827998513865808,0.05837913713048379,2.0400940051258183,-0.3901821666646422,-0.9500787256383574,-0.22133468534187573,1.4629213540512866,0.21147574768932167,-1.0624339861353487,-0.3781210037751958,-1.0737081047470196,-0.8885612324878658,0.35778334938269735,-0.7748445888569706,-1.2206462093749586,-1.0645344097711391,0.47840756472321816,-0.20093733279190543
-0.1740995012752132,-0.23213519046195177,2.6652073535372223,-0.25139667152481965,-0.2922541935082434,-0.2769967796172585,-0.5926091749252417,-0.7784241092757562,-0.4332429344801092,-1.6451603507724886,-0.35828992232395535,-0.2196173266004112,1.3680337728512764,-0.27373922456434224,-0.2395258598203669,-0.37994633413857926,-0.7734662626285622,-0.8788290719349859,-0.45654219116603084,-0.6185142230811053,-0.319886263249705,-0.26375818640094645,2.6332877306291214,-0.3284070124820603,-0.314917808719252,-0.6501190647091036,-0.7309305118012597,-0.9820336402770342,-0.5767337581165459,-1.1322507214116848,-0.3923533918112012
0.4371831568156979,0.9262575426687011,4.640764276696257,0.8644315586539845,0.7329568672938737,0.13851561026492099,0.48301695294107566,0.6846215198822043,1.0162896143031546,-0.025221698879207468,-0.430359626141101,0.4561727969920353,-0.6443853293028983,0.06580494913288068,0.1702721723114749,-0.7083540769547881,0.14965458821411848,-0.205994222028056,0.3227516427858398,-1.0765384581532074,-0.41673127492085005,1.2878359453747412,3.1656734396398627,1.0038561046550216,0.9260034750968066,0.21061175794451417,0.7417821593134484,0.2506685848288966,1.4053598160451708,-0.0740482274210535,0.07816332811347533
-0.23742151762077254,-1.3607163459017426,0.5834873246944081,-1.3540295937340296,-1.0991071472490401,0.5987303912984471,-0.8379851749264345,-0.8779282257157126,-0.9577087403946597,0.7810150495285089,0.4849256123366487,0.088940574569991,3.1658124257729763,-0.04959258122855309,-0.3162991832292221,2.5991571350983653,-0.5167438947528848,-0.6654893777652039,-0.5332549840138517,1.3870356819683347,0.367884726715729,-1.137309842360449,0.939778588775934,-1.1652993233145206,-0.9265450132424861,0.9286307343550448,-0.8760378968549127,-1.0238563394560523,-1.1904035760298386,-0.04344571998449014,-0.03187225072396381
0.4361723018340034,-0.8170099527779188,1.8251340824742683,-0.8526078908894523,-0.7478722075961409,-2.0079319910841176,-1.2923277921346414,-0.9312892415267774,-1.204523864304123,0.1987329534562694,-0.9175508239450056,-0.9782417860775294,-0.5754139470209965,-0.85690040680237,-0.6545305934067986,-1.1124194649050063,-0.5329389973992479,-0.5665211903756644,-1.4708745600327002,-0.6551019578353857,-0.7196933247062468,-0.8814840002580232,1.349682923014266,-0.8333559854342639,-0.7624197466329873,-1.7726369303148832,-0.7239297169083203,-0.7934433482714155,-1.4496725424259629,-0.0804908605655933,-0.7293373520008599
-0.23782722542514317,1.2584436940811672,1.370479042915472,1.3345144050707751,1.2052197500078923,0.745295608188104,1.6237151692054996,1.8472214295822136,1.9646136848880593,1.3707623006785967,-0.09739759450588827,1.4712385546454498,0.504949262329119,1.2872142005304437,1.3137046486135746,-0.2436956192291021,0.5029477533514407,0.7591316354473784,-0.04222552142405634,-0.018204352853468737,0.35502919419301043,1.4209485786638076,1.3921431329353677,1.5815392805872999,1.3888755940600859,0.7725396525266685,1.0740016987783914,1.6538152904637025,1.0703234516447253,0.8778508196846739,0.8151724655350769
-0.17565332427818203,-0.9902010231724525,0.28115326285581793,-0.9457997534247111,-0.8911873476312195,0.8772043033887967,0.4655869292630112,-0.052894742124830245,-0.5369862951916571,-0.5515151318675777,0.8611294662621491,-0.29209737049949897,0.5482919342549044,-0.30080778106887607,-0.406752859479549,0.6447795585835567,1.349291821278031,1.5564580473864131,0.9496337164982075,0.9588236752145354,1.6620083340027132,-0.9625995111685486,-0.04497166439424107,-0.9324301466951879,-0.8364439519175729,0.07681940209162016,-0.012394381425933174,-0.09235517757905903,-0.44809823655545766,-0.47349148238250927,0.1956492326013672
-0.23735368230669562,1.2186949238266838,-0.38121220086689594,1.1901907241533394,1.148796466529515,0.364226044274994,0.5198136695947669,0.7800011133609194,1.1135000177910535,0.06062758451605846,0.6232994436655687,1.338703617229975,-0.28841008031242765,0.9438709311834617,1.1252424743944962,0.334114537856297,0.4069767747063278,0.4759933249081319,0.6590037524051423,-0.5466938548597403,0.6528490309693199,1.337753182858141,-0.42548046868719475,1.1595013126782265,1.2652074706729501,0.42021978211404715,0.3306445683280978,0.3923417653425077,0.786003601121412,-0.6265040195653252,0.622037100596446
-0.17603928568638352,0.8808303766635774,-0.4827595193470335,0.8479374236919917,0.7543977150156571,0.3349130008970626,-0.014707056532535451,0.48999559264861076,0.896605837965903,-0.010291388723509633,-0.939171735090149,-0.3283373924490427,-0.643066204505157,-0.31837859844901206,-0.14355920555929774,-0.7428352161087836,-0.6193128781798495,-0.3064506528369872,0.13350422430663422,-0.8488814419043521,-0.5868528219714901,0.7345865632670564,-0.06456868435782681,0.6955588656859827,0.5973996043824175,0.43805876289443346,-0.10467758683286181,0.3171385359602826,1.0841552281566706,0.38498938412739425,-0.14133472758829232
-0.23777853462411652,-1.5075028760557982,-1.0458855581914306,-1.387430217032065,-1.1758428127796334,0.11726365381592072,0.9342608992731825,-0.032529910003699286,-0.5356797037469273,0.32190801224078147,3.914002119956439,0.4202779181086777,-0.6517347388903141,0.144636183865383,-0.3107862052184798,3.4260349381116533,4.098260540843986,0.9358605415001278,0.9851176074630582,0.7054197345089641,7.798382524846958,-1.3696329851477735,-1.6029347514992949,-1.3499783489882073,-1.059046574014417,-0.4940279828807273,-0.08494807395275972,-0.6260555151303339,-1.0342581878505486,-1.0388325408158605,1.4215143530872179
-0.23725965736049756,0.6820865253911617,2.0559234426563986,0.6541313378885776,0.5566341064239443,-0.8559293863314071,-0.049567103888663776,0.05060500593382906,0.09932373839176595,-0.8426561799036975,-0.8887229424181466,0.1793680579107574,-0.23187616040922954,0.26668213161389515,0.1610838756269044,-0.35919069697792166,0.7170829994533493,0.5857512770882604,0.6319684069081128,-0.951869139731215,0.06877933668714775,0.5536365773897307,1.4101070679019878,0.5698454284364713,0.42426423164042754,-0.7972906561472868,0.33382674782488847,0.3292680890864479,0.4094719071851318,-1.0968162391167169,-0.3092536057100094
-0.2374840054348318,-1.1775880829435876,-0.37890430726507424,-1.155687620816068,-0.987389045961853,0.3275847400525795,-0.6119758679008686,-0.8181226427777079,-0.8223458667206501,0.2771170817736859,0.09574921172406316,-0.49193520582126926,1.5395199965576445,-0.5154566852802674,-0.4861805797083912,0.27686915149383856,-0.6517030834725751,-0.5453137216493346,-0.6398756278177612,0.10782006685571911,-0.4085894376564617,-1.072833410611057,0.2212211901111296,-1.068021068300018,-0.8830845013092926,0.37562233016308244,-0.7430227938890641,-0.8099395405230004,-0.7709933749065288,-0.008011237689522601,-0.3986575135154295
-0.17564306911581049,1.4089211814731395,1.7143551895868465,1.39224387743775,1.3462779587038358,0.4228521310308567,0.7832006940632927,1.334233886277775,1.2391941147740624,0.32190801224078147,-0.06424553075000113,0.7995901478472368,-0.3713264961704516,0.6921808443869186,0.5919128979478743,0.1392793632191578,-0.05188446694061874,0.3096821227911236,0.18588520620712878,-0.7933222891293337,-0.12233958015059905,1.539502017686883,1.7007961973618408,1.560587041045715,1.4842767178158762,2.0703255042997384,0.8092443646454099,1.469931265071036,1.1072081890099121,0.5782683784635819,0.7796401432021531
-0.2373632044062942,0.7076393062690437,0.23730328442121287,0.6046489330025995,0.5552235243369849,-1.5579767752328684,-0.6534205908687102,-0.6714442949685492,-0.6833245370013972,0.11288367006100243,-1.3542932290769079,-0.5423260934844446,-1.1874878531729547,-0.5168813461489271,-0.36162811353976965,-1.4425010494277197,-0.653502539322171,-0.6446539698937219,-1.1038697449105273,-0.08053901206446513,-0.8705315729728091,0.595234275292564,0.17549481019609636,0.5878044909006871,0.35359673256206425,-1.3770575315098268,0.22308690133657402,-0.12001055870671605,-0.4270431989761635,2.8637924864890096,-0.4221546944130074
0.4355534425245996,1.5139715028599883,3.06908873385595,1.4664674847667167,1.5860769134869397,-0.8815782992870975,0.15765651095054398,0.3340370681766585,0.44818365413462835,-1.4473337412094842,-1.371589957993023,1.1554326490851388,0.23170198279699483,0.8826105138310958,1.4137549902900084,-0.4810463732114591,0.06508016328311275,-0.1829264490274867,-0.1774022489092031,-0.9328977217104771,-0.6322757035517617,2.408893903856102,3.253860029475998,2.1711951648290544,2.814592387966065,0.402380801333662,0.9721719548810908,0.6164959071140432,0.7276027669598665,-0.2995403874799401,-0.4536753029341495
-0.17796889981613498,1.0937702173125945,-0.6973936243164145,1.1448318530078598,0.973884287746545,0.7526238690325872,2.1253125172742364,1.0287614044608102,1.536051691016678,1.255052396971934,0.5887059858333382,1.9886080108584616,-1.2202775267168096,1.6372058872645043,1.9221740735029065,0.32273241425206517,1.9815006431027127,0.5589628955392121,1.4987891719066158,0.7731747988687426,1.4237524645816662,1.262877326633041,-1.0738152124824842,1.270248864540891,1.282874345442541,0.7145629649904134,1.9503739321945335,0.5150928429793009,1.4606869220929506,1.3723229135280892,1.5590588266340175
-0.237358829179007,-0.294597543718997,0.3157716668831371,-0.3454132408081779,-0.34444573072574247,-1.676694600913491,-1.0091867408309763,-0.9097643873227972,-0.9579700586836056,-0.38354914261597006,-0.5427883640958476,-0.2786367909182398,0.5181405103065321,-0.25521863327176636,-0.29792258986008124,0.2765343831525376,-0.29001245770380546,-0.6751629599912492,-1.0587545121123594,0.08884864883498099,-0.4415853044647724,-0.3781518556337386,0.4857809596195351,-0.37031149156523047,-0.4161490011490075,-0.8909453052443127,-0.5877324344456809,-0.9483134825862946,-1.1250868536123206,-0.34141750291944745,-0.533336477196671
-0.23734835023957845,0.35841796760465555,1.1027633851042011,0.4685723195661601,0.1989104891710315,1.6173586486815685,1.5907917911469338,1.4747254496450712,0.9402459922198791,-0.03268685395705691,1.1796775571339333,-0.24619334269674328,1.4377589407318878,0.03493729697858771,-0.1662236707145715,0.8576922236509458,1.4422637068404842,1.0653377189871944,1.4497876081932504,0.11459557329169667,0.9720947552834932,0.16469810199823778,1.7710188522313557,0.300459491473233,0.045133099085008656,1.8473382445449154,1.525871187322662,1.5461048587033541,1.5544356295628,0.1836570983605312,1.3240870176582353
-0.23736338188464975,-0.7147988292663907,-0.6927778371127712,-0.6988000823688711,-0.677907336082953,1.2143043022350093,-0.23684302496297577,-0.5902427491691028,-0.46773694862097653,0.13901171283347494,0.19664679706806595,-0.1143486914136408,-0.08300350466414129,-0.14694440725363106,-0.2672949342448464,0.6769173193484459,-0.7458746062680923,-0.48541192401882377,-0.027018139581977373,0.1782853337898886,-0.22218421607704508,-0.6235782732604559,-0.6361484332957397,-0.6313165327118351,-0.590167717629477,0.9286307343550448,-0.6952901014372045,-0.5988853161277236,-0.2613692536442002,-0.152970483441664,-0.1923408031952298
-0.2372955928692743,-0.09301449457126108,0.352697964512278,-0.10995946422573281,-0.21439006230808286,-0.03296569349597826,-0.059250450376477234,-0.6664175326095357,-0.6671228030867473,-0.730678853735959,0.6103268969784815,-0.45707575613646995,-0.28464115231888115,-0.37394037232673943,-0.3581569792367097,-0.22695720216405588,-0.21803422371997072,-0.2011574309150335,-0.467863242092912,-0.7187917183335775,-0.05677636428473512,-0.26375818640094645,-0.12009357425465261,-0.25417622096330117,-0.3449514958275564,-0.23982250676022848,-0.3388859977966529,-0.6537108962579908,-0.7178178785383849,-1.046885832246535,0.07587092022102877
0.407305061478895,-0.13844166057638424,0.3827005813359547,-0.09222826914159041,-0.233856095108123,1.6613282137484662,1.1550411991953289,0.06542751032579146,0.27780412974185964,1.4192858086846165,1.7101105772281255,0.6180448950333314,0.337231966616298,0.47135840974466875,0.2102923089820484,0.6123070294773669,0.2960103306479159,-0.2484091594807159,0.44779011570960037,-0.7242121234823597,0.7201263178382128,0.15429867752252927,0.43352223971664017,0.08794391898001136,0.02322617437071609,1.4994781193273912,0.7080510566474678,-0.02248895157234685,0.6215591470349546,0.47840756472321816,1.8054926750720333
0.4396431534363791,1.5196498986106286,2.2151681011820687,1.6973853742346139,1.5409382867042378,-0.26600438835053436,1.964568965576533,1.157652746999614,1.7032953959420951,0.28831481439045953,-0.04694880183388588,1.5123105795215996,0.0017973751906561317,2.0394351391827534,1.3422904605211272,-0.20754063836860218,1.3372954489473918,0.26317451593513697,0.5677594613526682,-0.11441654424435437,0.6515634777170479,1.8161267087407258,1.7612203422495638,2.1233043315911457,1.8411475881616108,-0.16400683844358954,1.7562609828903046,0.7407025311259761,1.2132518089348237,-0.13042126743577515,0.9687637943290033
-0.17797246481614676,-0.5359293631212162,-0.6120015610490261,-0.5462293339704388,-0.535720661717442,-0.3304930837819842,-0.7082283319897343,-0.7071471968517977,-0.6924706771145058,-0.35742109984349857,-0.5053121181109325,-0.5312815153664884,-0.3260993602478931,-0.5335023896166233,-0.42839640278098157,-0.7103626870025936,-0.4297701953557512,-0.4947134453900211,-0.6530553587475629,-0.8597222522019164,-0.6117068515154123,-0.4592673665442639,-0.37158866378733413,-0.5373307724824387,-0.4818697752918852,-0.6322800839287179,-0.46235456227212973,-0.4955415234927948,-0.43887705221416096,-0.45255292466275604,-0.43017812203657074
-0.23752772684190265,0.01771422256622796,-0.23119911674851082,-0.050168224988509265,-0.07812783270780128,-2.2329095990097425,-1.019838421967571,-0.8227627311091048,-0.9271345005879817,-0.6746901906520898,-0.9780893751514076,-0.6020358439346455,-0.9969685430991769,-0.5710184591579948,-0.4104281781533771,-1.2744473420946547,-0.694890023862876,-0.7726429039613971,-1.1129941740157745,-1.2432159164782621,-0.7604025110281883,-0.020411653669371175,-0.03680623940941363,-0.055728580733715685,-0.11333876759822081,-1.6647110965935485,-0.25614933088009617,-0.5624966567492274,-0.6125426906419146,-0.4235610755123274,-0.39178028983808977
-0.23767323594411496,-0.33718551184880047,0.7034977919891158,-0.4299456824883902,-0.3791460500649448,-2.4710780764554365,-1.6554532854276454,-1.1212106347577047,-1.2377896824869443,-1.5705087999939962,-1.485460090024113,-0.7984222485945546,-0.10561707262542055,-0.8369551546411345,-0.5374308567712175,-1.191090025110724,-1.385761106384383,-1.1147528599940348,-1.6859745276434401,-0.5521142600085228,-1.1840780112019107,-0.4821461003908222,0.5772337194496009,-0.5831263817661887,-0.4859331564888912,-2.253397462346282,-1.4168811241294499,-1.283103704332209,-1.627503082447869,-0.9727955510843291,-1.4422762065517711
-0.23789699756823082,1.150554174818999,0.18652962518114452,1.1200906505648704,1.0698038696597867,-0.11724069320753137,0.08018973904803635,0.3108366265196737,0.6475695086003991,-0.08121036196307668,-0.7532318992419134,0.14588918049070265,-0.8006073946354023,0.15033482734002168,0.27052669835867676,-0.8911375913050938,-0.6918909307802161,-0.33547139951512284,-0.24330090355821204,-0.8827589740842411,-0.6652715703600723,1.3647916864949825,0.3551341598622978,1.3630373539393394,1.2758075955347046,0.5540121379669412,0.004152951957378097,0.5141224787292077,1.199420032422879,0.26419001266727643,0.004806275555182835
0.40847641862562195,0.44927229961490245,-0.29582013759950754,0.46032525208516367,0.33912234861479945,0.06376734965119601,0.4713969371556997,0.14121561973860816,0.4400827871773033,0.0979533599053046,-0.26315791328532295,0.3498687326067068,-0.4016663665185011,0.3326914185284603,0.27563130762788257,-0.403380118029644,0.9150231429088947,-0.13567472046180426,0.167298406177921,-0.016849251566273225,0.17676580987798224,0.8531400022901318,0.29307692997761026,0.8631767820186642,0.7334345401082667,0.34886385899250416,1.93446303471058,0.6019404433626447,1.01192261748318,1.4383599032596202,1.215197642767019
-0.23748613517509856,-0.3428639075994408,-1.140509195866104,-0.34458853406007844,-0.41328213656936313,-0.1179735192919804,-0.10088884027407503,-0.6599729654825957,-0.7379400593911037,-0.6112363724903711,1.4030936389670843,-0.7697753741011056,-1.0493566422094738,-0.9220074085001172,-0.5360015661758398,-0.5841550223321442,-0.13825834772122048,-0.015871125200782682,-0.7628864498292446,-0.5168816265414381,0.8439679478070667,-0.5403828774547889,-1.4004322118755772,-0.6070717983851436,-0.543880505733149,-0.7839114205619977,-0.37834502355685673,-0.6182926011295881,-0.870735852198221,-0.7521353658838477,0.9916878732534696
-0.17642315593656946,-0.0021601625610137144,1.0704528746787028,0.01787008172971073,-0.1413219102035839,-0.11724069320753137,0.4985103073215771,0.29536966541501736,0.40245295356908456,1.5648563327026768,0.24277140751103926,0.05615198328230842,1.2191611171061882,0.3184448098418634,-0.19725969507134283,1.3069513376767896,0.7044868085061781,0.19806386633675588,0.7502480434576161,3.3587080548378867,0.44416088635052453,0.11270097961969597,1.5293222726804674,0.2196437103842614,-0.12817894240467725,1.075802325793228,0.9479873907054818,0.4947151937273432,0.9535217833216345,2.93949342593735,1.0891152086824523
-0.24371222250086239,-0.9646482422945705,0.6481083455454049,-0.9750768429822478,-0.8488698850224365,-0.6023715611122988,-0.9185506177050423,-0.6759554919574073,-0.919294951919603,0.7474218516781869,-0.41450429130132915,-0.333859681508021,0.7970411818289759,-0.29605891150667707,-0.4177788155010335,-0.14493895854532876,-0.23242987051673772,-0.06126254949222572,-0.23316264899682618,-0.23908586266634624,-0.44629899972310233,-0.7400518273883896,1.0704253885331714,-0.7175200325400712,-0.6966989724901095,-0.06589244415146701,-0.5559106394777745,-0.3868607274823534,-0.6194585788978871,0.10634550062605543,-0.39980371746165316
-0.23754941778353275,0.4010059357344586,0.04805600907186607,0.31187803742722986,0.2759282711190168,-1.306617428267105,-0.9431463177840885,-0.599265143146819,-0.5422126609705764,-1.0031570140774557,-1.1842087280684441,-0.6027261300670177,-0.37547231696335254,-0.6313291025979211,-0.37735031008892356,-1.3892728831608727,-0.9747054084750336,-0.686324785636686,-1.1246531667613684,-1.3651750323258633,-1.0226553744916436,0.3310888936095717,1.0100012436454495,0.2465823040805854,0.18505474726016796,-1.0425766418775926,-0.4852662546490223,-0.22529507984183114,-0.45301620153748234,-0.34786013606398725,-0.8771976610636695
-0.2375739329459514,1.4912579198574258,0.0365165410627594,1.4046144786592443,1.4337340480953207,0.5327760436981002,0.2699833302091799,0.635642809717459,0.9587995907350427,-0.14839675766371954,-0.8901643364944899,0.6608426352404116,-1.0625478901868868,0.44334007932769526,0.6194777880015855,-0.7789901969692834,-0.44116674906985853,-0.15130127636541577,0.14195276977445614,-0.8881793792330234,-0.5062914848291215,1.9513192269249342,-0.14948910420003095,1.6593618845989018,1.9224152121017286,0.7992981236972468,0.3764679530818829,0.7727245513790525,1.3023899242340247,0.7731580310859052,0.3383516239061713
-0.2437063579986785,-0.47062781198885134,-0.658159433085452,-0.4612845389161765,-0.52048637517828,1.4341521275694962,0.07050639256022288,-0.37770092532261557,-0.4293231601459198,0.47494369133669023,0.5007809471764206,-0.506431214601087,-0.1941868804737641,-0.6161327199988845,-0.4526943429024012,0.9125942316242981,-0.5809244867218043,-0.21603986510894924,-0.037156394143363254,1.057746069179812,-0.5362877273821312,-0.5715811508819141,-0.6671770482380837,-0.6283233556344655,-0.5862810051801669,1.1694569748902532,-0.5209066650130774,-0.4052976482341247,-0.477144967230542,0.4123705749916873,-0.4708683621274991
-0.23752629929860788,-1.0469849806788574,0.9042845353475693,-1.0550733975479127,-0.9213738042921514,0.38621082680844326,-0.7144256737419349,-0.8201849042583286,-0.7962140378260537,-0.4507355383166129,0.4200628789012168,-0.40599458234092245,-0.10373260862864707,-0.27278945065190235,-0.4104281781533771,1.0692658153531316,-0.6553019951717668,-0.48169131547034477,0.11322771518386246,1.9561782225904731,-0.7544032625175864,-1.1206707631993156,-0.20664707909382246,-1.1242927973545613,-0.9207149445685211,-0.7794516753669011,-1.087080041082068,-1.1200679548527956,-1.2895313076987776,-1.0823203145415026,-0.9069989636654764
-0.23758765279448157,-0.2832407522177163,-0.4019832432832876,-0.34252676718982944,-0.3362643546213778,-1.7646337310472853,-1.154630605077934,-0.5828959426443909,-0.9974291203144462,-1.2271116664129325,-0.9074610654106052,-0.8332816982793539,0.7593519018935104,-0.94522938065927,-0.5533572376911395,-0.23934363079219007,-0.5797248494887404,-0.028521194265611047,-1.0893382467058739,-0.07918391077726963,-0.6348468100563055,-0.4946254097616723,0.38126351981374523,-0.5801332046888196,-0.4979466313322129,-0.9667609735609524,-0.6755605885571027,-0.20685815909005983,-1.0059798892039056,-0.2125648400286551,-0.6657230329854652
-0.23776080222146054,-0.21226080533471062,-0.20119649992483413,-0.24067548379952478,-0.2981786382734731,0.437508652719823,-0.4494893138353591,-0.6295546086434379,-0.559720986329956,-0.6634924580353161,-0.7993565096848867,-0.3776928509136597,0.32969411062920495,-0.3630179723336819,-0.315278261375381,-0.36555129546263926,-0.626510701578233,-0.47759864606701796,-0.4163271147391999,-0.18488181117852384,-0.8203949961342075,-0.2533587619252383,0.07424354038423796,-0.30146841878573627,-0.3258712710763984,0.0946583828720053,-0.5209066650130774,-0.6517701677578044,-0.5539881700746808,-0.35591342749466176,-1.0067187069869057
-0.23732955296678906,-0.13844166057638424,-0.11349654305562488,-0.15284421512691343,-0.2533221279081631,0.214729523047543,0.04145635309678253,-0.4476889243211859,-0.29761874251715376,-0.37981656507704586,0.8337429788116344,-0.2945133719628018,0.09602057502931971,-0.27516388543300196,-0.29016358377088847,-0.07932436365034717,-0.17064855301394624,-0.39797762312956886,0.2855780427274245,-0.2038532291992615,0.006644262827342135,-0.25127887703009666,0.023617905478308162,-0.24639396056214077,-0.3214545523840007,0.47819646965030094,-0.002211407036203188,-0.3829792704819805,0.20353212356283942,-0.0804908605655933,0.38477288372821644
-0.2377803865721746,-1.467470186013783,-0.425062179301501,-1.387430217032065,-1.1575052456491608,0.7599521298770702,0.7057339221607851,2.892530217571912,-0.142918315461143,1.1020167178760252,2.5677400526521583,-0.26586649746935276,-0.007624944793210435,-0.4646437809647389,-0.46943746130539615,0.8613746754052563,3.6411987550466356,10.129112203936717,3.614304957049162,2.949467466104825,2.4971894302286515,-1.2496236266980991,-0.4630414236174005,-1.2619789429135497,-0.9878490686929662,0.7324019457707998,1.142736775909069,4.752673523136423,0.9197107740702133,2.140606916014438,1.9430371486188327
-0.23742519065108772,-0.8056531612766381,-0.36967273285778923,-0.8225060945838162,-0.7363054344830735,-0.5606004742987463,-1.001827397500238,-0.7830641976071532,-0.7374174228132118,-0.8015978269755271,-0.5067535121872748,-0.7345707813501202,0.67266655804194,-0.7144343199364023,-0.5513153939834573,-0.5305920877239961,-0.9242006809630429,-0.7413897921541741,-1.006711472030578,-0.9207018101257171,-0.8881008007538578,-0.6797351654292809,1.7693857672343907,-0.6762141888723748,-0.6405183107228108,0.603069335113003,-0.6030068960302759,-0.4431418539877605,-0.43303696879800635,0.11923076691513503,-0.35223625369338435
-0.23729343226320654,-1.1009297403099416,-0.6512357522799878,-1.1185758171515843,-0.947610631109597,-0.13849264965653268,-1.0636071480924878,-1.0113307652433745,-1.1425914298239295,0.25845419407906284,-0.09163201820051585,-0.6696838849071274,-0.4353982720607426,-0.7158589808050619,-0.5654041155664653,0.03684025078107434,-1.086151707426671,-0.797570981236206,-1.0704135048579533,-0.6239346282298878,-0.48229449078671394,-1.054114446554782,-0.6067529033503613,-1.093762391165394,-0.8814944825800295,-0.14616785766320317,-1.0725693025767027,-1.1091028388267423,-1.4038739935308562,-0.35108145263625673,-0.5505295363900207
6.554511746289466,0.9149007511674204,1.4743342549974305,0.9097904297994641,0.8102567656592506,0.3202564792080964,0.18864321971154682,1.026183577610034,0.43773092257678986,-1.895243045880438,-0.5744990337753925,0.43201278235900603,0.8837265256805463,0.4290934706410984,0.3648598776536001,8.08601024902055,3.610608005603506,4.176138526370429,4.6365789586555834,0.20945266339538632,3.783171200251248,0.3643670519318385,0.4220906447378819,0.3812752725622046,0.24229542151364217,-0.333477155857255,-0.49417635724003617,0.03815881405847988,-0.08078772696047405,-2.087371085089682,-0.8835017827678977
-0.23774518412617085,-1.2550981849398302,-0.5035305617634251,-1.2344471152595828,-1.0455050279445817,0.5474325653870664,-0.40320291762361077,-0.5831537253294686,-0.8215619118538121,-0.8650516451372446,1.153732463759761,-0.004938339432636929,0.42580177446464157,-0.0552912247031918,-0.3632615885059155,2.3012133113405406,0.23782792484431597,-0.16134691944630886,-0.27033624905524145,1.7081946870336844,0.3884535787520782,-1.0957121444576154,-0.6557454532593253,-1.0770005995321257,-0.913118188417597,0.6655057678443528,-0.5119965624220637,-0.6910699198865801,-0.9500380375333723,-0.589458878984222,0.06211647286634937
-0.2375922517988258,-0.8226883485285591,-0.22658332954486832,-0.7631272087206421,-0.7656455418918299,-0.022706128313702126,0.5353070239752684,0.8534691786080372,-0.5403834329479547,0.889259798157322,2.0243344858708787,-0.5578575314628206,0.8366149257612143,-0.23479849415431095,-0.49557306076372987,-0.10476675758921776,2.0264870393426095,2.1298038247070163,0.2213690971719798,-0.03446556829981583,2.1183797385592165,-0.7774897555009397,0.40412670977126186,-0.613656787955356,-0.7260259846076303,0.13033634443277678,1.4501353152990448,2.28600759939944,0.10209909580857647,0.6588012927703271,2.642221555815065
-0.24434555015446985,0.35841796760465555,0.07113494509007942,0.38197811101569884,0.24856297863200366,0.9504869118336258,0.3377667556238741,0.7477782777262184,0.8270951731062766,0.43015276086959464,-0.6753966191193962,0.24114866675807514,-0.7766747018763817,0.10949454910511082,0.15618345072846693,-0.24637376595950958,-0.6307094318939566,-0.1274893816551507,-0.15205661250573796,-0.8448161380427653,-0.5444295646465194,0.6118733544536977,0.08404205036603053,0.5159682410438238,0.48079823090311813,1.017825638256973,-0.11167838172580115,0.5175187536045339,0.5570108566458783,-0.09981875999921179,-0.1952063130607886
-0.23772936540317485,-0.16683363932958692,1.2735475116389778,-0.1928424924097456,-0.24880826522989288,-0.26747004051943135,-0.5081703935515086,-0.4605780585750663,-0.48001890820143694,-0.20438542074758875,-0.19397099762086298,-0.5985844132727841,-0.36378864018335855,-0.5278037461419846,-0.4253336372194581,-0.9667952364391035,-0.816653203018863,-0.5058752710354578,-0.8363887953992932,-0.9450936332952372,-0.9712332444007699,0.11894063430512122,1.658335987440739,0.16576652299161382,-0.06210483076640745,0.6833447486247392,0.20017520895968147,0.519944664229767,0.2726910061225644,0.9197279351241813,-0.2634054478610765
-0.17487569900505023,-0.5643213418744184,-0.2658175207758308,-0.5825164308868225,-0.5709852138914279,-0.2872563447995346,-0.6412195742940654,-0.575678027462218,-0.7564936579062671,-0.4507355383166129,-0.5024293299582467,-0.5236883679103935,-0.7904312890528267,-0.4698675374831577,-0.45106086793625527,-0.38262448086898676,-0.6882920190810244,-0.42997485664648766,-0.8014118171625114,-0.11170634166996286,-0.7591169577759166,-0.4218294384317139,-0.23604260903920077,-0.41341324147934894,-0.4580194943529376,0.22399099352980334,-0.2542400231820218,-0.15106221470969938,-0.4129040496528421,0.5138420470181857,-0.5098392962990923
-0.23744022229615902,-0.5955525185029412,-0.33505432883047004,-0.5924129118640185,-0.6054034168132381,0.48880647863120363,-0.14097789473362274,-0.5252815125295458,-0.41704120056545957,0.452548226103143,-0.149287781254233,-0.415313445127948,0.8554595657289471,-0.4722419722642572,-0.37653357260585063,0.39169469256005646,-0.542536095263759,-0.4883884108576069,-0.7294302097766708,-0.007363542555904166,-0.8285368333985959,-0.5736610357770556,0.05138035042672135,-0.5786366161501351,-0.5730308491029739,0.5094146860159765,-0.5069050752271985,-0.5440597359974562,-0.8068023074318977,0.24164079666138757,-0.7327759638395303
-0.1779648563962082,-0.24349198196323296,-0.7643225387692321,-0.24521137091407275,-0.39720150077802546,0.8478912600108653,0.9420075764634329,0.36497099038597136,0.5396450552657159,0.47121111379776603,0.9187852293158653,-0.4087557268704116,-0.3430595362188523,-0.6308542156417013,-0.5656082999372335,-0.060912104878796385,0.6235112952743638,0.3067056359523406,0.33795902462791877,0.1538935106203684,0.3734554574755737,-0.16392371143414647,-0.37485483378126494,-0.3293049656052711,-0.47515636287944074,0.9732281863060083,1.4138584690356317,1.0352080810292705,0.8551624836811369,1.0115354574338713,1.0318050113712858
-0.1748595021759924,-0.1526376499529856,-0.9281829844985443,-0.17181247033320532,-0.22623895183854192,-0.992967864123237,-0.5689818094949769,-0.594109489445267,-0.640468337614259,-0.08867551704092612,-0.5298158174087615,-0.9119743173697921,-1.2368608098884142,-0.8369551546411345,-0.5984819836309189,-0.590515620816862,0.26901849290397767,-0.26515189794887106,-0.5869877331891974,-0.27431849613343096,0.4870126614262526,-0.36983231605317207,-0.9546000077040052,-0.2903936635994701,-0.4007788200994634,-0.19076530961416782,0.34019110681846976,-0.07537380320242755,-0.14994660952019903,0.7860432973749847,0.7326457814069965
-0.23745925106245563,1.772338509514129,0.601950473508979,1.7056324417156108,1.7835584056612606,-0.3466152576398464,0.1595931802481067,0.12123746164509347,0.7481770498445955,-0.7381440088138084,-1.0198898033653518,0.5994071694592801,-0.5299983646987608,0.6432674878962699,0.6488803373922108,-0.2570863528811392,-0.37758597571747105,-0.29045203607852776,0.4697563339259367,-0.7797712762573781,-0.7822569163168096,1.6622152265002417,0.1444661952537529,1.6024915201288847,1.5832112165255847,0.041141440530848686,-0.12313422791424743,-0.010844580571228064,0.9427637349234549,-0.46704884923796947,-0.9310692465361665
-0.17485961792274604,-0.20942160745938995,2.085926059480076,-0.2699525733570615,-0.278430489056041,-1.5433202535439023,-1.1155098852671679,-0.9779479075258243,-0.9942933008470947,-1.4734617839819566,-0.7229626236387119,-0.8129182573743722,-0.09054136065123437,-0.6949639547313867,-0.5257923476374282,-0.680903072968112,-0.7992584631394363,-0.8947532765224756,-1.1238083122145863,-0.7838365801189646,-0.8773878569849258,-0.3386340426260469,1.6567029024437738,-0.3158356687571091,-0.35908499564322904,-0.9355427571952775,-0.7080188194243671,-0.9368631844351945,-0.8813402141907123,-0.3301428949165035,-0.744238003301763
0.4547157034104164,0.3697747591059362,0.4403979213814872,0.43146051590167694,0.4014700768584065,1.1556782154791465,1.0117276711756895,0.8199574295479484,0.9300545789509865,1.0049697018639847,0.8640122544148359,3.3325951105872607,0.02817987114548193,3.115528981977029,2.773622899606434,0.4091026463077046,0.8118543408653983,0.49757285448930955,1.6153790993625547,-0.003298238694317628,0.8928189713933964,1.4251083484540916,0.35350107486533205,1.479771259956743,1.5266772172628942,0.8884930275991761,0.9117105444420686,0.7212952461241114,1.5098665719131996,0.16755051549918215,1.215197642767019
-0.23773666516510372,-0.7914571719000368,-1.927500914087168,-0.7874560577895814,-0.7264313598743575,-0.18319504080787827,-0.7361163698746369,-0.6891024088963653,-0.6007479576944724,-0.5552477094065029,-0.218474696918693,-0.9099034589726753,-1.389502393627049,-0.8360053807286947,-0.6158376551462186,-0.3133274342196948,-0.6037175941500186,-0.6107964321025636,-0.9073565773289952,-0.9166365062641303,-0.6537015910896257,-0.7275725180175394,-1.5539422015903308,-0.7160234440013867,-0.6595985354739688,1.026745128647166,-0.11422412532323374,-0.3019538555991961,-0.3930785033190541,0.18848907321893538,0.09363708138749065
-0.2373028077502505,-1.8473548617316295,1.4466395317755756,-1.8183394929141232,-1.3834804959800622,-0.6998374303439221,0.2912866924823696,0.05073389727636799,-0.9297476834774415,0.8258059799956033,2.142528800130998,-0.6379307228180032,0.5294472942871717,-0.6735940417014915,-0.590722977541726,2.843538024248042,2.3521885481194618,2.268210462710433,0.3058545518501963,0.11459557329169667,1.636725786708034,-1.58906084158522,1.0459291135786897,-1.5915277391319111,-1.1664611726135292,1.2408128980117963,0.3147336708441446,0.32441626783598176,-1.001369297033257,-0.17551969944755194,1.3183559979271184
-0.23773673461315592,1.0653782385593917,0.19345330598660868,0.8974198285779698,0.9061763475724921,-0.8947691688071666,-0.728950693473655,-0.20176424275714858,0.17615131534187958,1.169203113576668,-1.786711451979781,0.5044928262580938,0.030064335142254994,0.23438981859094266,0.27318109517866385,-0.9882204102823626,-1.015673019984166,-0.32170514788575083,-0.3323485727890524,4.056585217743604,-0.7839709873198387,0.8864181606123979,0.38289660481071036,0.6446748553707038,0.6663004159838216,-1.0960935842187498,-0.8703099737606896,-0.23063208321734396,0.051382581931444675,3.193977435146665,-1.2886848777578452
-0.23778183726482008,0.16535251208287968,1.1004554915023803,0.20466616017427774,0.021177146214142722,1.5367477793922566,0.8335540957999225,0.49128450607399904,1.0732570012933749,0.5122694667259364,0.5613194983828235,-0.16128814841495479,0.15632342292606397,-0.19633265070049968,-0.1106855218656124,-0.09137602393718067,-0.1352592546385608,-0.31277568736940137,0.0017069150086163015,-0.1632001905833947,-0.21747052081871512,0.20629579990107108,1.2908918631235093,0.20767100207478398,0.07287009247326631,1.4727196481568128,0.5387591074182058,0.14538406369378148,0.7106972623341556,0.6797398504900812,0.3160006469548163
-0.2374444123286404,-0.8312059421545201,-0.8474067084347988,-0.7858066442933824,-0.7583105150396408,-0.921883733931753,0.12666980218954085,0.15616701547310932,-0.5657313069757132,-0.02148912134028327,1.4232731560358851,-0.2551670624175827,-0.2469518723834157,-0.13982110291033262,-0.3612197447982332,1.139567167026326,2.479350094824236,2.3500638507769693,1.459925862754636,-1.0860241671635764,3.684612117577073,-0.8898035398385902,-1.0705490424885533,-0.836049844803896,-0.7664831278299932,-0.9623012283658557,0.15244251650782184,0.14392851731864154,-0.4985073776212126,-1.1950663945709459,1.1865425441114357
